datetime,unixtime,utc_offset,day_of_week,day_of_year,week_number,fetched_utc,status
2025-11-12T11:39:19Z,1762947559,+00:00,3,316,46,2025-11-12T11:39:19Z,success
,,,,,,2025-11-12T11:46:49Z,error
2025-11-12T16:17:15Z,1762964235,+00:00,3,316,46,2025-11-12T16:17:15Z,success
2025-11-12T18:59:32Z,1762973972,+00:00,3,316,46,2025-11-12T18:59:32Z,success
2025-11-12T21:57:52Z,1762984672,+00:00,3,316,46,2025-11-12T21:57:52Z,success
2025-11-13T02:28:21Z,1763000901,+00:00,4,317,46,2025-11-13T02:28:21Z,success
,,,,,,2025-11-13T04:16:24Z,error
2025-11-13T07:00:52Z,1763017252,+00:00,4,317,46,2025-11-13T07:00:52Z,success
2025-11-13T09:58:37Z,1763027917,+00:00,4,317,46,2025-11-13T09:58:37Z,success
2025-11-13T13:25:17Z,1763040317,+00:00,4,317,46,2025-11-13T13:25:17Z,success
2025-11-13T15:59:08Z,1763049548,+00:00,4,317,46,2025-11-13T15:59:08Z,success
2025-11-13T18:59:39Z,1763060379,+00:00,4,317,46,2025-11-13T18:59:39Z,success
,,,,,,2025-11-13T21:59:52Z,error
2025-11-14T02:25:36Z,1763087136,+00:00,5,318,46,2025-11-14T02:25:36Z,success
2025-11-14T04:04:02Z,1763093042,+00:00,5,318,46,2025-11-14T04:04:02Z,success
,,,,,,2025-11-14T07:01:25Z,error
2025-11-14T09:58:29Z,1763114309,+00:00,5,318,46,2025-11-14T09:58:29Z,success
2025-11-14T13:23:00Z,1763126580,+00:00,5,318,46,2025-11-14T13:23:00Z,success
,,,,,,2025-11-14T15:59:23Z,error
2025-11-14T18:59:59Z,1763146799,+00:00,5,318,46,2025-11-14T18:59:59Z,success
2025-11-14T21:58:22Z,1763157502,+00:00,5,318,46,2025-11-14T21:58:22Z,success
2025-11-15T02:21:32Z,1763173292,+00:00,6,319,46,2025-11-15T02:21:32Z,success
,,,,,,2025-11-15T03:59:54Z,error
,,,,,,2025-11-15T06:58:56Z,error
2025-11-15T09:57:43Z,1763200663,+00:00,6,319,46,2025-11-15T09:57:43Z,success
2025-11-15T13:15:22Z,1763212522,+00:00,6,319,46,2025-11-15T13:15:22Z,success
2025-11-15T15:57:55Z,1763222275,+00:00,6,319,46,2025-11-15T15:57:55Z,success
2025-11-15T18:58:01Z,1763233081,+00:00,6,319,46,2025-11-15T18:58:01Z,success
,,,,,,2025-11-15T21:58:40Z,error
2025-11-16T02:30:36Z,1763260236,+00:00,0,320,46,2025-11-16T02:30:36Z,success
,,,,,,2025-11-16T04:16:36Z,error
2025-11-16T06:57:42Z,1763276262,+00:00,0,320,46,2025-11-16T06:57:42Z,success
2025-11-16T09:57:40Z,1763287060,+00:00,0,320,46,2025-11-16T09:57:40Z,success
,,,,,,2025-11-16T13:16:00Z,error
2025-11-16T15:58:11Z,1763308691,+00:00,0,320,46,2025-11-16T15:58:11Z,success
2025-11-16T18:58:07Z,1763319487,+00:00,0,320,46,2025-11-16T18:58:07Z,success
2025-11-16T21:58:21Z,1763330301,+00:00,0,320,46,2025-11-16T21:58:21Z,success
2025-11-17T02:26:23Z,1763346383,+00:00,1,321,47,2025-11-17T02:26:23Z,success
2025-11-17T04:16:32Z,1763352992,+00:00,1,321,47,2025-11-17T04:16:32Z,success
2025-11-17T07:00:06Z,1763362806,+00:00,1,321,47,2025-11-17T07:00:06Z,success
2025-11-17T09:58:31Z,1763373511,+00:00,1,321,47,2025-11-17T09:58:31Z,success
2025-11-17T13:24:02Z,1763385842,+00:00,1,321,47,2025-11-17T13:24:02Z,success
2025-11-17T15:58:45Z,1763395125,+00:00,1,321,47,2025-11-17T15:58:45Z,success
2025-11-17T18:58:10Z,1763405890,+00:00,1,321,47,2025-11-17T18:58:10Z,success
,,,,,,2025-11-17T21:59:20Z,error
,,,,,,2025-11-18T02:25:51Z,error
,,,,,,2025-11-18T04:03:35Z,error
2025-11-18T06:59:43Z,1763449183,+00:00,2,322,47,2025-11-18T06:59:44Z,success
2025-11-18T09:57:48Z,1763459868,+00:00,2,322,47,2025-11-18T09:57:48Z,success
2025-11-18T13:24:28Z,1763472268,+00:00,2,322,47,2025-11-18T13:24:28Z,success
,,,,,,2025-11-18T15:59:45Z,error
,,,,,,2025-11-18T19:01:57Z,error
,,,,,,2025-11-18T21:59:28Z,error
2025-11-19T02:24:38Z,1763519078,+00:00,3,323,47,2025-11-19T02:24:38Z,success
2025-11-19T04:02:36Z,1763524956,+00:00,3,323,47,2025-11-19T04:02:36Z,success
2025-11-19T07:00:13Z,1763535613,+00:00,3,323,47,2025-11-19T07:00:13Z,success
2025-11-19T09:57:52Z,1763546272,+00:00,3,323,47,2025-11-19T09:57:52Z,success
2025-11-19T13:24:37Z,1763558677,+00:00,3,323,47,2025-11-19T13:24:37Z,success
,,,,,,2025-11-19T15:59:47Z,error
,,,,,,2025-11-19T18:58:42Z,error
2025-11-19T21:58:31Z,1763589511,+00:00,3,323,47,2025-11-19T21:58:31Z,success
,,,,,,2025-11-20T02:23:56Z,error
2025-11-20T04:01:00Z,1763611260,+00:00,4,324,47,2025-11-20T04:01:00Z,success
2025-11-20T06:59:52Z,1763621992,+00:00,4,324,47,2025-11-20T06:59:52Z,success
2025-11-20T09:57:51Z,1763632671,+00:00,4,324,47,2025-11-20T09:57:51Z,success
2025-11-20T13:22:55Z,1763644975,+00:00,4,324,47,2025-11-20T13:22:55Z,success
2025-11-20T15:57:57Z,1763654277,+00:00,4,324,47,2025-11-20T15:57:57Z,success
,,,,,,2025-11-20T19:01:11Z,error
2025-11-20T21:57:58Z,1763675878,+00:00,4,324,47,2025-11-20T21:57:58Z,success
2025-11-21T02:23:34Z,1763691814,+00:00,5,325,47,2025-11-21T02:23:34Z,success
2025-11-21T04:01:57Z,1763697717,+00:00,5,325,47,2025-11-21T04:01:57Z,success
2025-11-21T07:01:08Z,1763708468,+00:00,5,325,47,2025-11-21T07:01:08Z,success
2025-11-21T09:58:20Z,1763719100,+00:00,5,325,47,2025-11-21T09:58:20Z,success
2025-11-21T13:20:49Z,1763731249,+00:00,5,325,47,2025-11-21T13:20:49Z,success
2025-11-21T15:58:29Z,1763740709,+00:00,5,325,47,2025-11-21T15:58:29Z,success
,,,,,,2025-11-21T18:58:52Z,error
2025-11-21T21:57:45Z,1763762265,+00:00,5,325,47,2025-11-21T21:57:45Z,success
2025-11-22T02:18:44Z,1763777924,+00:00,6,326,47,2025-11-22T02:18:44Z,success
2025-11-22T03:58:36Z,1763783916,+00:00,6,326,47,2025-11-22T03:58:36Z,success
2025-11-22T06:58:00Z,1763794680,+00:00,6,326,47,2025-11-22T06:58:00Z,success
2025-11-22T09:58:10Z,1763805490,+00:00,6,326,47,2025-11-22T09:58:10Z,success
2025-11-22T13:14:35Z,1763817275,+00:00,6,326,47,2025-11-22T13:14:35Z,success
2025-11-22T15:58:03Z,1763827083,+00:00,6,326,47,2025-11-22T15:58:03Z,success
2025-11-22T18:57:54Z,1763837874,+00:00,6,326,47,2025-11-22T18:57:54Z,success
2025-11-22T21:58:08Z,1763848688,+00:00,6,326,47,2025-11-22T21:58:08Z,success
2025-11-23T02:50:19Z,1763866219,+00:00,0,327,47,2025-11-23T02:50:19Z,success
2025-11-23T04:22:49Z,1763871769,+00:00,0,327,47,2025-11-23T04:22:49Z,success
2025-11-23T06:57:59Z,1763881079,+00:00,0,327,47,2025-11-23T06:57:59Z,success
2025-11-23T09:58:27Z,1763891907,+00:00,0,327,47,2025-11-23T09:58:27Z,success
2025-11-23T13:14:03Z,1763903643,+00:00,0,327,47,2025-11-23T13:14:03Z,success
2025-11-23T15:58:22Z,1763913502,+00:00,0,327,47,2025-11-23T15:58:23Z,success
,,,,,,2025-11-23T18:58:40Z,error
2025-11-23T21:58:26Z,1763935106,+00:00,0,327,47,2025-11-23T21:58:26Z,success
2025-11-24T02:33:21Z,1763951601,+00:00,1,328,48,2025-11-24T02:33:21Z,success
2025-11-24T04:23:19Z,1763958199,+00:00,1,328,48,2025-11-24T04:23:19Z,success
2025-11-24T07:00:30Z,1763967630,+00:00,1,328,48,2025-11-24T07:00:30Z,success
2025-11-24T09:57:54Z,1763978274,+00:00,1,328,48,2025-11-24T09:57:54Z,success
,,,,,,2025-11-24T13:27:08Z,error
2025-11-24T15:58:33Z,1763999913,+00:00,1,328,48,2025-11-24T15:58:33Z,success
,,,,,,2025-11-24T19:02:04Z,error
2025-11-24T21:58:35Z,1764021515,+00:00,1,328,48,2025-11-24T21:58:35Z,success
2025-11-25T02:27:07Z,1764037627,+00:00,2,329,48,2025-11-25T02:27:07Z,success
,,,,,,2025-11-25T04:16:28Z,error
2025-11-25T07:02:00Z,1764054120,+00:00,2,329,48,2025-11-25T07:02:00Z,success
2025-11-25T09:58:10Z,1764064690,+00:00,2,329,48,2025-11-25T09:58:10Z,success
2025-11-25T13:25:55Z,1764077155,+00:00,2,329,48,2025-11-25T13:25:55Z,success
2025-11-25T15:59:08Z,1764086348,+00:00,2,329,48,2025-11-25T15:59:08Z,success
,,,,,,2025-11-25T18:59:42Z,error
2025-11-25T21:58:49Z,1764107929,+00:00,2,329,48,2025-11-25T21:58:49Z,success
,,,,,,2025-11-26T02:28:33Z,error
,,,,,,2025-11-26T04:16:11Z,error
2025-11-26T07:01:08Z,1764140468,+00:00,3,330,48,2025-11-26T07:01:08Z,success
2025-11-26T09:57:43Z,1764151063,+00:00,3,330,48,2025-11-26T09:57:43Z,success
2025-11-26T13:27:13Z,1764163633,+00:00,3,330,48,2025-11-26T13:27:13Z,success
,,,,,,2025-11-26T15:59:17Z,error
2025-11-26T18:58:41Z,1764183521,+00:00,3,330,48,2025-11-26T18:58:41Z,success
2025-11-26T21:58:05Z,1764194285,+00:00,3,330,48,2025-11-26T21:58:05Z,success
2025-11-27T02:24:00Z,1764210240,+00:00,4,331,48,2025-11-27T02:24:00Z,success
2025-11-27T04:02:38Z,1764216158,+00:00,4,331,48,2025-11-27T04:02:38Z,success
2025-11-27T07:01:34Z,1764226894,+00:00,4,331,48,2025-11-27T07:01:34Z,success
2025-11-27T09:58:21Z,1764237501,+00:00,4,331,48,2025-11-27T09:58:21Z,success
2025-11-27T13:24:00Z,1764249840,+00:00,4,331,48,2025-11-27T13:24:00Z,success
,,,,,,2025-11-27T15:58:51Z,error
2025-11-27T18:58:15Z,1764269895,+00:00,4,331,48,2025-11-27T18:58:15Z,success
2025-11-27T21:57:52Z,1764280672,+00:00,4,331,48,2025-11-27T21:57:52Z,success
2025-11-28T02:23:25Z,1764296605,+00:00,5,332,48,2025-11-28T02:23:25Z,success
2025-11-28T04:02:36Z,1764302556,+00:00,5,332,48,2025-11-28T04:02:36Z,success
2025-11-28T07:01:06Z,1764313266,+00:00,5,332,48,2025-11-28T07:01:06Z,success
2025-11-28T09:58:17Z,1764323897,+00:00,5,332,48,2025-11-28T09:58:17Z,success
2025-11-28T13:23:19Z,1764336199,+00:00,5,332,48,2025-11-28T13:23:19Z,success
2025-11-28T15:59:16Z,1764345556,+00:00,5,332,48,2025-11-28T15:59:16Z,success
2025-11-28T18:58:16Z,1764356296,+00:00,5,332,48,2025-11-28T18:58:16Z,success
2025-11-28T21:58:09Z,1764367089,+00:00,5,332,48,2025-11-28T21:58:09Z,success
2025-11-29T02:23:06Z,1764382986,+00:00,6,333,48,2025-11-29T02:23:06Z,success
2025-11-29T04:02:02Z,1764388922,+00:00,6,333,48,2025-11-29T04:02:02Z,success
2025-11-29T06:58:49Z,1764399529,+00:00,6,333,48,2025-11-29T06:58:49Z,success
2025-11-29T09:58:03Z,1764410283,+00:00,6,333,48,2025-11-29T09:58:03Z,success
2025-11-29T13:17:59Z,1764422279,+00:00,6,333,48,2025-11-29T13:17:59Z,success
,,,,,,2025-11-29T15:58:33Z,error
2025-11-29T18:58:24Z,1764442704,+00:00,6,333,48,2025-11-29T18:58:24Z,success
2025-11-29T21:57:58Z,1764453478,+00:00,6,333,48,2025-11-29T21:57:58Z,success
2025-11-30T02:49:20Z,1764470960,+00:00,0,334,48,2025-11-30T02:49:20Z,success
2025-11-30T04:23:37Z,1764476617,+00:00,0,334,48,2025-11-30T04:23:37Z,success
2025-11-30T06:58:59Z,1764485939,+00:00,0,334,48,2025-11-30T06:58:59Z,success
2025-11-30T09:57:49Z,1764496669,+00:00,0,334,48,2025-11-30T09:57:49Z,success
2025-11-30T13:17:34Z,1764508654,+00:00,0,334,48,2025-11-30T13:17:34Z,success
,,,,,,2025-11-30T15:58:48Z,error
2025-11-30T18:58:53Z,1764529133,+00:00,0,334,48,2025-11-30T18:58:53Z,success
,,,,,,2025-11-30T21:58:59Z,error
,,,,,,2025-12-01T03:01:39Z,error
2025-12-01T04:40:04Z,1764564004,+00:00,1,335,49,2025-12-01T04:40:04Z,success
2025-12-01T07:02:49Z,1764572569,+00:00,1,335,49,2025-12-01T07:02:49Z,success
2025-12-01T09:58:43Z,1764583123,+00:00,1,335,49,2025-12-01T09:58:43Z,success
,,,,,,2025-12-01T13:28:31Z,error
2025-12-01T15:58:52Z,1764604732,+00:00,1,335,49,2025-12-01T15:58:52Z,success
2025-12-01T19:11:34Z,1764616294,+00:00,1,335,49,2025-12-01T19:11:34Z,success
,,,,,,2025-12-01T21:58:50Z,error
,,,,,,2025-12-02T02:29:43Z,error
2025-12-02T04:19:38Z,1764649178,+00:00,2,336,49,2025-12-02T04:19:38Z,success
2025-12-02T07:02:49Z,1764658969,+00:00,2,336,49,2025-12-02T07:02:49Z,success
2025-12-02T09:59:55Z,1764669595,+00:00,2,336,49,2025-12-02T09:59:55Z,success
2025-12-02T13:29:15Z,1764682155,+00:00,2,336,49,2025-12-02T13:29:15Z,success
2025-12-02T15:59:32Z,1764691172,+00:00,2,336,49,2025-12-02T15:59:32Z,success
2025-12-02T19:04:11Z,1764702251,+00:00,2,336,49,2025-12-02T19:04:11Z,success
,,,,,,2025-12-02T21:59:30Z,error
2025-12-03T02:28:41Z,1764728921,+00:00,3,337,49,2025-12-03T02:28:41Z,success
2025-12-03T04:18:00Z,1764735480,+00:00,3,337,49,2025-12-03T04:18:00Z,success
2025-12-03T07:01:32Z,1764745292,+00:00,3,337,49,2025-12-03T07:01:32Z,success
2025-12-03T09:59:11Z,1764755951,+00:00,3,337,49,2025-12-03T09:59:11Z,success
,,,,,,2025-12-03T13:29:00Z,error
,,,,,,2025-12-03T16:00:53Z,error
2025-12-03T19:02:29Z,1764788549,+00:00,3,337,49,2025-12-03T19:02:29Z,success
,,,,,,2025-12-03T21:59:19Z,error
,,,,,,2025-12-04T02:30:39Z,error
2025-12-04T04:19:14Z,1764821954,+00:00,4,338,49,2025-12-04T04:19:14Z,success
2025-12-04T07:01:53Z,1764831713,+00:00,4,338,49,2025-12-04T07:01:53Z,success
2025-12-04T09:57:39Z,1764842259,+00:00,4,338,49,2025-12-04T09:57:39Z,success
,,,,,,2025-12-04T13:29:15Z,error
,,,,,,2025-12-04T16:00:51Z,error
,,,,,,2025-12-04T19:03:59Z,error
,,,,,,2025-12-04T21:58:54Z,error
,,,,,,2025-12-05T02:30:07Z,error
2025-12-05T04:19:10Z,1764908350,+00:00,5,339,49,2025-12-05T04:19:10Z,success
2025-12-05T07:02:05Z,1764918125,+00:00,5,339,49,2025-12-05T07:02:05Z,success
2025-12-05T09:58:20Z,1764928700,+00:00,5,339,49,2025-12-05T09:58:20Z,success
2025-12-05T13:24:21Z,1764941061,+00:00,5,339,49,2025-12-05T13:24:21Z,success
2025-12-05T15:58:17Z,1764950297,+00:00,5,339,49,2025-12-05T15:58:17Z,success
2025-12-05T18:59:27Z,1764961167,+00:00,5,339,49,2025-12-05T18:59:27Z,success
,,,,,,2025-12-05T21:59:16Z,error
,,,,,,2025-12-06T02:23:58Z,error
2025-12-06T04:00:29Z,1764993629,+00:00,6,340,49,2025-12-06T04:00:30Z,success
2025-12-06T06:58:09Z,1765004289,+00:00,6,340,49,2025-12-06T06:58:09Z,success
,,,,,,2025-12-06T09:59:06Z,error
2025-12-06T13:18:00Z,1765027080,+00:00,6,340,49,2025-12-06T13:18:00Z,success
2025-12-06T15:58:17Z,1765036697,+00:00,6,340,49,2025-12-06T15:58:17Z,success
2025-12-06T18:57:55Z,1765047475,+00:00,6,340,49,2025-12-06T18:57:55Z,success
,,,,,,2025-12-06T21:58:56Z,error
2025-12-07T02:49:54Z,1765075794,+00:00,0,341,49,2025-12-07T02:49:55Z,success
,,,,,,2025-12-07T04:24:15Z,error
2025-12-07T06:58:18Z,1765090698,+00:00,0,341,49,2025-12-07T06:58:19Z,success
2025-12-07T09:58:16Z,1765101496,+00:00,0,341,49,2025-12-07T09:58:16Z,success
,,,,,,2025-12-07T13:17:29Z,error
,,,,,,2025-12-07T15:59:11Z,error
2025-12-07T18:57:42Z,1765133862,+00:00,0,341,49,2025-12-07T18:57:42Z,success
2025-12-07T21:58:10Z,1765144690,+00:00,0,341,49,2025-12-07T21:58:10Z,success
2025-12-08T02:30:21Z,1765161021,+00:00,1,342,50,2025-12-08T02:30:21Z,success
,,,,,,2025-12-08T04:24:03Z,error
2025-12-08T07:14:09Z,1765178049,+00:00,1,342,50,2025-12-08T07:14:09Z,success
2025-12-08T09:59:03Z,1765187943,+00:00,1,342,50,2025-12-08T09:59:03Z,success
2025-12-08T13:27:01Z,1765200421,+00:00,1,342,50,2025-12-08T13:27:01Z,success
2025-12-08T15:58:33Z,1765209513,+00:00,1,342,50,2025-12-08T15:58:33Z,success
2025-12-08T18:59:59Z,1765220399,+00:00,1,342,50,2025-12-08T18:59:59Z,success
,,,,,,2025-12-08T21:58:44Z,error
,,,,,,2025-12-09T02:30:11Z,error
2025-12-09T04:18:06Z,1765253886,+00:00,2,343,50,2025-12-09T04:18:06Z,success
2025-12-09T07:03:13Z,1765263793,+00:00,2,343,50,2025-12-09T07:03:13Z,success
,,,,,,2025-12-09T09:59:37Z,error
,,,,,,2025-12-09T13:29:23Z,error
,,,,,,2025-12-09T15:59:33Z,error
2025-12-09T19:02:03Z,1765306923,+00:00,2,343,50,2025-12-09T19:02:03Z,success
,,,,,,2025-12-09T21:58:57Z,error
2025-12-10T02:34:36Z,1765334076,+00:00,3,344,50,2025-12-10T02:34:36Z,success
2025-12-10T04:24:16Z,1765340656,+00:00,3,344,50,2025-12-10T04:24:16Z,success
2025-12-10T07:03:10Z,1765350190,+00:00,3,344,50,2025-12-10T07:03:10Z,success
2025-12-10T09:58:59Z,1765360739,+00:00,3,344,50,2025-12-10T09:58:59Z,success
2025-12-10T13:36:54Z,1765373814,+00:00,3,344,50,2025-12-10T13:36:54Z,success
2025-12-10T16:00:24Z,1765382424,+00:00,3,344,50,2025-12-10T16:00:24Z,success
,,,,,,2025-12-10T19:02:54Z,error
2025-12-10T21:58:20Z,1765403900,+00:00,3,344,50,2025-12-10T21:58:20Z,success
2025-12-11T02:33:18Z,1765420398,+00:00,4,345,50,2025-12-11T02:33:18Z,success
2025-12-11T04:24:32Z,1765427072,+00:00,4,345,50,2025-12-11T04:24:32Z,success
2025-12-11T07:13:54Z,1765437234,+00:00,4,345,50,2025-12-11T07:13:54Z,success
2025-12-11T09:59:03Z,1765447143,+00:00,4,345,50,2025-12-11T09:59:03Z,success
,,,,,,2025-12-11T13:31:44Z,error
,,,,,,2025-12-11T16:02:09Z,error
,,,,,,2025-12-11T19:04:34Z,error
2025-12-11T21:58:06Z,1765490286,+00:00,4,345,50,2025-12-11T21:58:06Z,success
,,,,,,2025-12-12T02:34:29Z,error
2025-12-12T04:23:48Z,1765513428,+00:00,5,346,50,2025-12-12T04:23:48Z,success
2025-12-12T07:03:38Z,1765523018,+00:00,5,346,50,2025-12-12T07:03:38Z,success
2025-12-12T09:58:54Z,1765533534,+00:00,5,346,50,2025-12-12T09:58:54Z,success
2025-12-12T13:26:40Z,1765546000,+00:00,5,346,50,2025-12-12T13:26:40Z,success
,,,,,,2025-12-12T15:59:56Z,error
2025-12-12T19:01:35Z,1765566095,+00:00,5,346,50,2025-12-12T19:01:35Z,success
2025-12-12T21:58:07Z,1765576687,+00:00,5,346,50,2025-12-12T21:58:07Z,success
,,,,,,2025-12-13T02:26:55Z,error
,,,,,,2025-12-13T04:16:10Z,error
2025-12-13T07:00:14Z,1765609214,+00:00,6,347,50,2025-12-13T07:00:14Z,success
2025-12-13T09:57:49Z,1765619869,+00:00,6,347,50,2025-12-13T09:57:49Z,success
2025-12-13T13:18:44Z,1765631924,+00:00,6,347,50,2025-12-13T13:18:45Z,success
,,,,,,2025-12-13T16:01:38Z,error
2025-12-13T18:57:30Z,1765652250,+00:00,6,347,50,2025-12-13T18:57:30Z,success
2025-12-13T21:58:03Z,1765663083,+00:00,6,347,50,2025-12-13T21:58:03Z,success
2025-12-14T02:51:36Z,1765680696,+00:00,0,348,50,2025-12-14T02:51:36Z,success
,,,,,,2025-12-14T04:27:11Z,error
,,,,,,2025-12-14T07:01:01Z,error
2025-12-14T09:57:54Z,1765706274,+00:00,0,348,50,2025-12-14T09:57:54Z,success
2025-12-14T13:19:08Z,1765718348,+00:00,0,348,50,2025-12-14T13:19:08Z,success
2025-12-14T15:58:33Z,1765727913,+00:00,0,348,50,2025-12-14T15:58:33Z,success
,,,,,,2025-12-14T19:00:00Z,error
2025-12-14T21:58:21Z,1765749501,+00:00,0,348,50,2025-12-14T21:58:21Z,success
2025-12-15T02:50:53Z,1765767053,+00:00,1,349,51,2025-12-15T02:50:53Z,success
,,,,,,2025-12-15T04:31:38Z,error
2025-12-15T07:14:27Z,1765782867,+00:00,1,349,51,2025-12-15T07:14:28Z,success
2025-12-15T10:01:40Z,1765792900,+00:00,1,349,51,2025-12-15T10:01:40Z,success
2025-12-15T13:32:36Z,1765805556,+00:00,1,349,51,2025-12-15T13:32:36Z,success
,,,,,,2025-12-15T16:02:48Z,error
,,,,,,2025-12-15T19:04:40Z,error
,,,,,,2025-12-15T21:59:37Z,error
2025-12-16T02:33:23Z,1765852403,+00:00,2,350,51,2025-12-16T02:33:23Z,success
2025-12-16T04:24:09Z,1765859049,+00:00,2,350,51,2025-12-16T04:24:09Z,success
,,,,,,2025-12-16T07:15:01Z,error
2025-12-16T09:59:23Z,1765879163,+00:00,2,350,51,2025-12-16T09:59:23Z,success
,,,,,,2025-12-16T13:31:15Z,error
,,,,,,2025-12-16T16:00:25Z,error
2025-12-16T19:03:06Z,1765911786,+00:00,2,350,51,2025-12-16T19:03:06Z,success
,,,,,,2025-12-16T21:59:21Z,error
,,,,,,2025-12-17T02:30:30Z,error
2025-12-17T04:22:22Z,1765945342,+00:00,3,351,51,2025-12-17T04:22:22Z,success
2025-12-17T07:02:59Z,1765954979,+00:00,3,351,51,2025-12-17T07:02:59Z,success
2025-12-17T09:59:00Z,1765965540,+00:00,3,351,51,2025-12-17T09:59:00Z,success
,,,,,,2025-12-17T13:27:38Z,error
,,,,,,2025-12-17T16:03:04Z,error
,,,,,,2025-12-17T19:04:19Z,error
,,,,,,2025-12-17T21:59:42Z,error
2025-12-18T02:30:57Z,1766025057,+00:00,4,352,51,2025-12-18T02:30:57Z,success
2025-12-18T04:22:38Z,1766031758,+00:00,4,352,51,2025-12-18T04:22:38Z,success
2025-12-18T07:02:55Z,1766041375,+00:00,4,352,51,2025-12-18T07:02:55Z,success
2025-12-18T09:59:23Z,1766051963,+00:00,4,352,51,2025-12-18T09:59:23Z,success
,,,,,,2025-12-18T13:29:26Z,error
,,,,,,2025-12-18T16:00:29Z,error
,,,,,,2025-12-18T19:04:20Z,error
,,,,,,2025-12-18T21:59:01Z,error
2025-12-19T02:32:40Z,1766111560,+00:00,5,353,51,2025-12-19T02:32:40Z,success
,,,,,,2025-12-19T04:24:44Z,error
2025-12-19T07:02:28Z,1766127748,+00:00,5,353,51,2025-12-19T07:02:28Z,success
2025-12-19T09:58:20Z,1766138300,+00:00,5,353,51,2025-12-19T09:58:20Z,success
2025-12-19T13:25:22Z,1766150722,+00:00,5,353,51,2025-12-19T13:25:22Z,success
2025-12-19T15:58:50Z,1766159930,+00:00,5,353,51,2025-12-19T15:58:50Z,success
,,,,,,2025-12-19T19:02:45Z,error
2025-12-19T21:58:09Z,1766181489,+00:00,5,353,51,2025-12-19T21:58:09Z,success
2025-12-20T02:26:12Z,1766197572,+00:00,6,354,51,2025-12-20T02:26:12Z,success
2025-12-20T04:15:34Z,1766204134,+00:00,6,354,51,2025-12-20T04:15:35Z,success
,,,,,,2025-12-20T07:00:52Z,error
2025-12-20T09:58:11Z,1766224691,+00:00,6,354,51,2025-12-20T09:58:11Z,success
2025-12-20T13:19:16Z,1766236756,+00:00,6,354,51,2025-12-20T13:19:16Z,success
,,,,,,2025-12-20T15:59:25Z,error
2025-12-20T18:58:14Z,1766257094,+00:00,6,354,51,2025-12-20T18:58:14Z,success
2025-12-20T21:57:56Z,1766267876,+00:00,6,354,51,2025-12-20T21:57:56Z,success
2025-12-21T02:51:57Z,1766285517,+00:00,0,355,51,2025-12-21T02:51:57Z,success
2025-12-21T04:26:39Z,1766291199,+00:00,0,355,51,2025-12-21T04:26:39Z,success
2025-12-21T07:01:17Z,1766300477,+00:00,0,355,51,2025-12-21T07:01:17Z,success
2025-12-21T09:58:02Z,1766311082,+00:00,0,355,51,2025-12-21T09:58:02Z,success
,,,,,,2025-12-21T13:20:37Z,error
2025-12-21T15:57:52Z,1766332672,+00:00,0,355,51,2025-12-21T15:57:52Z,success
2025-12-21T18:59:03Z,1766343543,+00:00,0,355,51,2025-12-21T18:59:03Z,success
2025-12-21T21:57:59Z,1766354279,+00:00,0,355,51,2025-12-21T21:57:59Z,success
2025-12-22T02:53:03Z,1766371983,+00:00,1,356,52,2025-12-22T02:53:03Z,success
,,,,,,2025-12-22T04:31:49Z,error
2025-12-22T07:13:35Z,1766387615,+00:00,1,356,52,2025-12-22T07:13:35Z,success
2025-12-22T09:59:22Z,1766397562,+00:00,1,356,52,2025-12-22T09:59:22Z,success
2025-12-22T13:26:16Z,1766409976,+00:00,1,356,52,2025-12-22T13:26:16Z,success
2025-12-22T15:59:12Z,1766419152,+00:00,1,356,52,2025-12-22T15:59:12Z,success
,,,,,,2025-12-22T19:02:45Z,error
,,,,,,2025-12-22T21:59:22Z,error
2025-12-23T02:47:38Z,1766458058,+00:00,2,357,52,2025-12-23T02:47:38Z,success
2025-12-23T04:26:38Z,1766463998,+00:00,2,357,52,2025-12-23T04:26:38Z,success
2025-12-23T07:13:55Z,1766474035,+00:00,2,357,52,2025-12-23T07:13:55Z,success
2025-12-23T09:58:20Z,1766483900,+00:00,2,357,52,2025-12-23T09:58:20Z,success
2025-12-23T13:27:50Z,1766496470,+00:00,2,357,52,2025-12-23T13:27:50Z,success
2025-12-23T15:58:39Z,1766505519,+00:00,2,357,52,2025-12-23T15:58:39Z,success
2025-12-23T19:02:55Z,1766516575,+00:00,2,357,52,2025-12-23T19:02:55Z,success
,,,,,,2025-12-23T21:59:10Z,error
2025-12-24T02:32:21Z,1766543541,+00:00,3,358,52,2025-12-24T02:32:21Z,success
,,,,,,2025-12-24T04:26:02Z,error
,,,,,,2025-12-24T07:14:28Z,error
2025-12-24T09:58:19Z,1766570299,+00:00,3,358,52,2025-12-24T09:58:19Z,success
2025-12-24T13:24:21Z,1766582661,+00:00,3,358,52,2025-12-24T13:24:21Z,success
,,,,,,2025-12-24T15:58:59Z,error
,,,,,,2025-12-24T19:01:28Z,error
2025-12-24T21:58:09Z,1766613489,+00:00,3,358,52,2025-12-24T21:58:09Z,success
,,,,,,2025-12-25T02:48:55Z,error
2025-12-25T04:26:24Z,1766636784,+00:00,4,359,52,2025-12-25T04:26:24Z,success
2025-12-25T07:03:01Z,1766646181,+00:00,4,359,52,2025-12-25T07:03:01Z,success
2025-12-25T09:57:35Z,1766656655,+00:00,4,359,52,2025-12-25T09:57:35Z,success
2025-12-25T13:24:07Z,1766669047,+00:00,4,359,52,2025-12-25T13:24:07Z,success
2025-12-25T15:58:14Z,1766678294,+00:00,4,359,52,2025-12-25T15:58:14Z,success
,,,,,,2025-12-25T19:02:03Z,error
2025-12-25T21:58:26Z,1766699906,+00:00,4,359,52,2025-12-25T21:58:26Z,success
2025-12-26T02:33:38Z,1766716418,+00:00,5,360,52,2025-12-26T02:33:38Z,success
,,,,,,2025-12-26T04:24:56Z,error
2025-12-26T07:02:52Z,1766732572,+00:00,5,360,52,2025-12-26T07:02:52Z,success
2025-12-26T09:58:21Z,1766743101,+00:00,5,360,52,2025-12-26T09:58:21Z,success
,,,,,,2025-12-26T13:25:48Z,error
2025-12-26T15:58:31Z,1766764711,+00:00,5,360,52,2025-12-26T15:58:31Z,success
,,,,,,2025-12-26T19:01:36Z,error
2025-12-26T21:58:24Z,1766786304,+00:00,5,360,52,2025-12-26T21:58:24Z,success
,,,,,,2025-12-27T02:32:15Z,error
2025-12-27T04:21:04Z,1766809264,+00:00,6,361,52,2025-12-27T04:21:04Z,success
2025-12-27T07:01:16Z,1766818876,+00:00,6,361,52,2025-12-27T07:01:16Z,success
2025-12-27T09:58:03Z,1766829483,+00:00,6,361,52,2025-12-27T09:58:03Z,success
2025-12-27T13:20:51Z,1766841651,+00:00,6,361,52,2025-12-27T13:20:51Z,success
,,,,,,2025-12-27T15:59:17Z,error
2025-12-27T18:59:21Z,1766861961,+00:00,6,361,52,2025-12-27T18:59:21Z,success
,,,,,,2025-12-27T21:59:04Z,error
,,,,,,2025-12-28T03:00:12Z,error
,,,,,,2025-12-28T04:36:14Z,error
2025-12-28T07:01:19Z,1766905279,+00:00,0,362,52,2025-12-28T07:01:19Z,success
2025-12-28T09:57:50Z,1766915870,+00:00,0,362,52,2025-12-28T09:57:50Z,success
2025-12-28T13:21:52Z,1766928112,+00:00,0,362,52,2025-12-28T13:21:52Z,success
2025-12-28T15:58:01Z,1766937481,+00:00,0,362,52,2025-12-28T15:58:01Z,success
2025-12-28T19:00:30Z,1766948430,+00:00,0,362,52,2025-12-28T19:00:30Z,success
,,,,,,2025-12-28T21:59:04Z,error
2025-12-29T02:59:18Z,1766977158,+00:00,1,363,1,2025-12-29T02:59:18Z,success
2025-12-29T04:39:58Z,1766983198,+00:00,1,363,1,2025-12-29T04:39:58Z,success
2025-12-29T07:15:53Z,1766992553,+00:00,1,363,1,2025-12-29T07:15:53Z,success
2025-12-29T10:00:47Z,1767002447,+00:00,1,363,1,2025-12-29T10:00:47Z,success
,,,,,,2025-12-29T13:30:24Z,error
2025-12-29T15:59:02Z,1767023942,+00:00,1,363,1,2025-12-29T15:59:02Z,success
,,,,,,2025-12-29T19:01:41Z,error
2025-12-29T21:58:11Z,1767045491,+00:00,1,363,1,2025-12-29T21:58:11Z,success
2025-12-30T02:48:34Z,1767062914,+00:00,2,364,1,2025-12-30T02:48:34Z,success
,,,,,,2025-12-30T04:29:01Z,error
2025-12-30T07:03:32Z,1767078212,+00:00,2,364,1,2025-12-30T07:03:32Z,success
2025-12-30T09:59:00Z,1767088740,+00:00,2,364,1,2025-12-30T09:59:00Z,success
2025-12-30T13:28:42Z,1767101322,+00:00,2,364,1,2025-12-30T13:28:42Z,success
,,,,,,2025-12-30T15:59:41Z,error
2025-12-30T19:02:17Z,1767121337,+00:00,2,364,1,2025-12-30T19:02:17Z,success
2025-12-30T21:58:06Z,1767131886,+00:00,2,364,1,2025-12-30T21:58:06Z,success
,,,,,,2025-12-31T02:48:51Z,error
2025-12-31T04:27:22Z,1767155242,+00:00,3,365,1,2025-12-31T04:27:22Z,success
2025-12-31T07:03:52Z,1767164632,+00:00,3,365,1,2025-12-31T07:03:52Z,success
2025-12-31T09:57:37Z,1767175057,+00:00,3,365,1,2025-12-31T09:57:37Z,success
,,,,,,2025-12-31T13:25:56Z,error
,,,,,,2025-12-31T15:59:13Z,error
2025-12-31T19:00:42Z,1767207642,+00:00,3,365,1,2025-12-31T19:00:42Z,success
2025-12-31T21:58:28Z,1767218308,+00:00,3,365,1,2025-12-31T21:58:28Z,success
2026-01-01T03:00:41Z,1767236441,+00:00,4,1,1,2026-01-01T03:00:41Z,success
2026-01-01T04:38:21Z,1767242301,+00:00,4,1,1,2026-01-01T04:38:21Z,success
2026-01-01T07:03:48Z,1767251028,+00:00,4,1,1,2026-01-01T07:03:48Z,success
2026-01-01T09:57:54Z,1767261474,+00:00,4,1,1,2026-01-01T09:57:54Z,success
,,,,,,2026-01-01T13:26:41Z,error
2026-01-01T15:58:16Z,1767283096,+00:00,4,1,1,2026-01-01T15:58:16Z,success
,,,,,,2026-01-01T19:02:43Z,error
2026-01-01T21:58:13Z,1767304693,+00:00,4,1,1,2026-01-01T21:58:13Z,success
,,,,,,2026-01-02T02:52:10Z,error
2026-01-02T04:30:37Z,1767328237,+00:00,5,2,1,2026-01-02T04:30:37Z,success
2026-01-02T07:14:00Z,1767338040,+00:00,5,2,1,2026-01-02T07:14:00Z,success
2026-01-02T09:58:08Z,1767347888,+00:00,5,2,1,2026-01-02T09:58:08Z,success
2026-01-02T13:25:08Z,1767360308,+00:00,5,2,1,2026-01-02T13:25:08Z,success
,,,,,,2026-01-02T15:59:19Z,error
2026-01-02T19:00:44Z,1767380444,+00:00,5,2,1,2026-01-02T19:00:44Z,success
,,,,,,2026-01-02T21:58:53Z,error
,,,,,,2026-01-03T02:31:41Z,error
2026-01-03T04:21:29Z,1767414089,+00:00,6,3,1,2026-01-03T04:21:29Z,success
2026-01-03T07:01:37Z,1767423697,+00:00,6,3,1,2026-01-03T07:01:37Z,success
2026-01-03T09:58:24Z,1767434304,+00:00,6,3,1,2026-01-03T09:58:24Z,success
2026-01-03T13:21:17Z,1767446477,+00:00,6,3,1,2026-01-03T13:21:17Z,success
,,,,,,2026-01-03T15:58:55Z,error
,,,,,,2026-01-03T19:00:55Z,error
,,,,,,2026-01-03T21:59:02Z,error
2026-01-04T03:01:48Z,1767495708,+00:00,0,4,1,2026-01-04T03:01:48Z,success
2026-01-04T04:39:33Z,1767501573,+00:00,0,4,1,2026-01-04T04:39:34Z,success
2026-01-04T07:02:50Z,1767510170,+00:00,0,4,1,2026-01-04T07:02:50Z,success
2026-01-04T09:57:53Z,1767520673,+00:00,0,4,1,2026-01-04T09:57:53Z,success
2026-01-04T13:22:10Z,1767532930,+00:00,0,4,1,2026-01-04T13:22:10Z,success
2026-01-04T15:58:03Z,1767542283,+00:00,0,4,1,2026-01-04T15:58:03Z,success
,,,,,,2026-01-04T19:00:57Z,error
,,,,,,2026-01-04T21:59:07Z,error
,,,,,,2026-01-05T03:05:03Z,error
2026-01-05T04:46:25Z,1767588385,+00:00,1,5,2,2026-01-05T04:46:25Z,success
,,,,,,2026-01-05T07:20:31Z,error
2026-01-05T10:01:12Z,1767607272,+00:00,1,5,2,2026-01-05T10:01:12Z,success
,,,,,,2026-01-05T13:34:11Z,error
,,,,,,2026-01-05T16:02:16Z,error
,,,,,,2026-01-05T19:05:11Z,error
2026-01-05T21:57:39Z,1767650259,+00:00,1,5,2,2026-01-05T21:57:39Z,success
2026-01-06T02:50:15Z,1767667815,+00:00,2,6,2,2026-01-06T02:50:15Z,success
2026-01-06T04:29:37Z,1767673777,+00:00,2,6,2,2026-01-06T04:29:37Z,success
2026-01-06T07:15:40Z,1767683740,+00:00,2,6,2,2026-01-06T07:15:40Z,success
,,,,,,2026-01-06T10:00:04Z,error
2026-01-06T13:29:04Z,1767706144,+00:00,2,6,2,2026-01-06T13:29:04Z,success
2026-01-06T15:59:56Z,1767715196,+00:00,2,6,2,2026-01-06T15:59:56Z,success
2026-01-06T19:01:06Z,1767726066,+00:00,2,6,2,2026-01-06T19:01:06Z,success
2026-01-06T21:57:57Z,1767736677,+00:00,2,6,2,2026-01-06T21:57:57Z,success
,,,,,,2026-01-07T02:51:34Z,error
2026-01-07T04:30:18Z,1767760218,+00:00,3,7,2,2026-01-07T04:30:18Z,success
2026-01-07T07:14:44Z,1767770084,+00:00,3,7,2,2026-01-07T07:14:44Z,success
2026-01-07T10:00:03Z,1767780003,+00:00,3,7,2,2026-01-07T10:00:03Z,success
2026-01-07T13:31:02Z,1767792662,+00:00,3,7,2,2026-01-07T13:31:02Z,success
,,,,,,2026-01-07T16:02:46Z,error
,,,,,,2026-01-07T19:11:54Z,error
2026-01-07T21:58:19Z,1767823099,+00:00,3,7,2,2026-01-07T21:58:19Z,success
2026-01-08T02:50:01Z,1767840601,+00:00,4,8,2,2026-01-08T02:50:01Z,success
,,,,,,2026-01-08T04:29:42Z,error
2026-01-08T07:14:20Z,1767856460,+00:00,4,8,2,2026-01-08T07:14:20Z,success
2026-01-08T10:00:24Z,1767866424,+00:00,4,8,2,2026-01-08T10:00:24Z,success
2026-01-08T13:31:59Z,1767879119,+00:00,4,8,2,2026-01-08T13:31:59Z,success
,,,,,,2026-01-08T16:03:15Z,error
,,,,,,2026-01-08T19:04:09Z,error
,,,,,,2026-01-08T21:58:46Z,error
2026-01-09T02:50:47Z,1767927047,+00:00,5,9,2,2026-01-09T02:50:47Z,success
,,,,,,2026-01-09T04:30:36Z,error
2026-01-09T07:15:32Z,1767942932,+00:00,5,9,2,2026-01-09T07:15:32Z,success
2026-01-09T10:00:41Z,1767952841,+00:00,5,9,2,2026-01-09T10:00:41Z,success
,,,,,,2026-01-09T13:31:11Z,error
,,,,,,2026-01-09T16:01:09Z,error
2026-01-09T19:03:21Z,1767985401,+00:00,5,9,2,2026-01-09T19:03:21Z,success
,,,,,,2026-01-09T21:59:04Z,error
2026-01-10T02:32:40Z,1768012360,+00:00,6,10,2,2026-01-10T02:32:40Z,success
,,,,,,2026-01-10T04:24:08Z,error
2026-01-10T07:01:00Z,1768028460,+00:00,6,10,2,2026-01-10T07:01:00Z,success
2026-01-10T09:58:24Z,1768039104,+00:00,6,10,2,2026-01-10T09:58:24Z,success
2026-01-10T13:22:41Z,1768051361,+00:00,6,10,2,2026-01-10T13:22:41Z,success
2026-01-10T15:58:00Z,1768060680,+00:00,6,10,2,2026-01-10T15:58:00Z,success
,,,,,,2026-01-10T19:01:41Z,error
,,,,,,2026-01-10T21:59:09Z,error
2026-01-11T03:01:31Z,1768100491,+00:00,0,11,2,2026-01-11T03:01:31Z,success
2026-01-11T04:38:25Z,1768106305,+00:00,0,11,2,2026-01-11T04:38:25Z,success
2026-01-11T07:02:30Z,1768114950,+00:00,0,11,2,2026-01-11T07:02:30Z,success
2026-01-11T09:58:08Z,1768125488,+00:00,0,11,2,2026-01-11T09:58:08Z,success
2026-01-11T13:22:28Z,1768137748,+00:00,0,11,2,2026-01-11T13:22:28Z,success
2026-01-11T15:58:05Z,1768147085,+00:00,0,11,2,2026-01-11T15:58:05Z,success
,,,,,,2026-01-11T19:01:14Z,error
2026-01-11T21:57:50Z,1768168670,+00:00,0,11,2,2026-01-11T21:57:50Z,success
2026-01-12T02:58:26Z,1768186706,+00:00,1,12,3,2026-01-12T02:58:26Z,success
2026-01-12T04:41:12Z,1768192872,+00:00,1,12,3,2026-01-12T04:41:12Z,success
2026-01-12T07:17:42Z,1768202262,+00:00,1,12,3,2026-01-12T07:17:42Z,success
2026-01-12T10:02:08Z,1768212128,+00:00,1,12,3,2026-01-12T10:02:08Z,success
,,,,,,2026-01-12T13:35:58Z,error
2026-01-12T16:02:21Z,1768233741,+00:00,1,12,3,2026-01-12T16:02:21Z,success
2026-01-12T19:11:31Z,1768245091,+00:00,1,12,3,2026-01-12T19:11:31Z,success
2026-01-12T21:58:17Z,1768255097,+00:00,1,12,3,2026-01-12T21:58:17Z,success
2026-01-13T02:49:04Z,1768272544,+00:00,2,13,3,2026-01-13T02:49:04Z,success
,,,,,,2026-01-13T04:30:51Z,error
2026-01-13T07:15:00Z,1768288500,+00:00,2,13,3,2026-01-13T07:15:00Z,success
2026-01-13T09:59:53Z,1768298393,+00:00,2,13,3,2026-01-13T09:59:53Z,success
2026-01-13T13:32:33Z,1768311153,+00:00,2,13,3,2026-01-13T13:32:33Z,success
,,,,,,2026-01-13T16:03:57Z,error
2026-01-13T19:03:27Z,1768331007,+00:00,2,13,3,2026-01-13T19:03:27Z,success
,,,,,,2026-01-13T21:59:29Z,error
2026-01-14T02:57:02Z,1768359422,+00:00,3,14,3,2026-01-14T02:57:02Z,success
2026-01-14T04:38:30Z,1768365510,+00:00,3,14,3,2026-01-14T04:38:30Z,success
,,,,,,2026-01-14T07:15:42Z,error
2026-01-14T10:00:45Z,1768384845,+00:00,3,14,3,2026-01-14T10:00:45Z,success
2026-01-14T13:32:44Z,1768397564,+00:00,3,14,3,2026-01-14T13:32:44Z,success
,,,,,,2026-01-14T16:02:02Z,error
,,,,,,2026-01-14T19:04:34Z,error
2026-01-14T21:58:04Z,1768427884,+00:00,3,14,3,2026-01-14T21:58:04Z,success
,,,,,,2026-01-15T02:52:00Z,error
2026-01-15T04:31:06Z,1768451466,+00:00,4,15,3,2026-01-15T04:31:06Z,success
2026-01-15T07:14:48Z,1768461288,+00:00,4,15,3,2026-01-15T07:14:48Z,success
2026-01-15T10:00:02Z,1768471202,+00:00,4,15,3,2026-01-15T10:00:02Z,success
,,,,,,2026-01-15T13:32:45Z,error
2026-01-15T16:18:48Z,1768493928,+00:00,4,15,3,2026-01-15T16:18:48Z,success
2026-01-15T19:15:13Z,1768504513,+00:00,4,15,3,2026-01-15T19:15:13Z,success
2026-01-15T21:58:18Z,1768514298,+00:00,4,15,3,2026-01-15T21:58:19Z,success
2026-01-16T02:52:23Z,1768531943,+00:00,5,16,3,2026-01-16T02:52:23Z,success
,,,,,,2026-01-16T04:30:59Z,error
2026-01-16T07:13:45Z,1768547625,+00:00,5,16,3,2026-01-16T07:13:45Z,success
2026-01-16T09:58:52Z,1768557532,+00:00,5,16,3,2026-01-16T09:58:52Z,success
,,,,,,2026-01-16T13:31:27Z,error
,,,,,,2026-01-16T16:01:34Z,error
2026-01-16T19:04:47Z,1768590287,+00:00,5,16,3,2026-01-16T19:04:47Z,success
2026-01-16T21:58:06Z,1768600686,+00:00,5,16,3,2026-01-16T21:58:06Z,success
2026-01-17T02:31:00Z,1768617060,+00:00,6,17,3,2026-01-17T02:31:00Z,success
,,,,,,2026-01-17T04:22:23Z,error
2026-01-17T07:01:55Z,1768633315,+00:00,6,17,3,2026-01-17T07:01:55Z,success
,,,,,,2026-01-17T09:59:00Z,error
2026-01-17T13:21:06Z,1768656066,+00:00,6,17,3,2026-01-17T13:21:06Z,success
,,,,,,2026-01-17T15:59:11Z,error
,,,,,,2026-01-17T19:00:46Z,error
2026-01-17T21:58:11Z,1768687091,+00:00,6,17,3,2026-01-17T21:58:11Z,success
2026-01-18T02:59:35Z,1768705175,+00:00,0,18,3,2026-01-18T02:59:35Z,success
2026-01-18T04:32:49Z,1768710769,+00:00,0,18,3,2026-01-18T04:32:49Z,success
,,,,,,2026-01-18T07:02:50Z,error
2026-01-18T09:57:37Z,1768730257,+00:00,0,18,3,2026-01-18T09:57:37Z,success
2026-01-18T13:20:54Z,1768742454,+00:00,0,18,3,2026-01-18T13:20:55Z,success
,,,,,,2026-01-18T15:58:53Z,error
,,,,,,2026-01-18T19:00:20Z,error
2026-01-18T21:58:21Z,1768773501,+00:00,0,18,3,2026-01-18T21:58:21Z,success
2026-01-19T02:59:34Z,1768791574,+00:00,1,19,4,2026-01-19T02:59:34Z,success
2026-01-19T04:42:02Z,1768797722,+00:00,1,19,4,2026-01-19T04:42:02Z,success
2026-01-19T07:19:44Z,1768807184,+00:00,1,19,4,2026-01-19T07:19:44Z,success
2026-01-19T10:03:10Z,1768816990,+00:00,1,19,4,2026-01-19T10:03:10Z,success
2026-01-19T13:36:32Z,1768829792,+00:00,1,19,4,2026-01-19T13:36:32Z,success
,,,,,,2026-01-19T16:02:21Z,error
2026-01-19T19:03:40Z,1768849420,+00:00,1,19,4,2026-01-19T19:03:40Z,success
,,,,,,2026-01-19T21:58:56Z,error
2026-01-20T02:53:16Z,1768877596,+00:00,2,20,4,2026-01-20T02:53:16Z,success
,,,,,,2026-01-20T04:37:13Z,error
2026-01-20T07:17:55Z,1768893475,+00:00,2,20,4,2026-01-20T07:17:55Z,success
,,,,,,2026-01-20T10:03:39Z,error
2026-01-20T13:37:22Z,1768916242,+00:00,2,20,4,2026-01-20T13:37:22Z,success
2026-01-20T16:17:54Z,1768925874,+00:00,2,20,4,2026-01-20T16:17:54Z,success
,,,,,,2026-01-20T20:03:05Z,error
2026-01-20T21:58:17Z,1768946297,+00:00,2,20,4,2026-01-20T21:58:17Z,success
2026-01-21T02:52:03Z,1768963923,+00:00,3,21,4,2026-01-21T02:52:03Z,success
2026-01-21T04:35:40Z,1768970140,+00:00,3,21,4,2026-01-21T04:35:40Z,success
2026-01-21T07:17:58Z,1768979878,+00:00,3,21,4,2026-01-21T07:17:58Z,success
2026-01-21T10:02:43Z,1768989763,+00:00,3,21,4,2026-01-21T10:02:43Z,success
,,,,,,2026-01-21T13:37:28Z,error
,,,,,,2026-01-21T16:20:29Z,error
,,,,,,2026-01-21T19:19:08Z,error
,,,,,,2026-01-21T22:02:30Z,error
2026-01-22T02:57:24Z,1769050644,+00:00,4,22,4,2026-01-22T02:57:24Z,success
,,,,,,2026-01-22T04:39:49Z,error
2026-01-22T07:17:02Z,1769066222,+00:00,4,22,4,2026-01-22T07:17:02Z,success
2026-01-22T13:37:02Z,1769089022,+00:00,4,22,4,2026-01-22T13:37:02Z,success
,,,,,,2026-01-22T16:17:56Z,error
2026-01-22T19:14:28Z,1769109268,+00:00,4,22,4,2026-01-22T19:14:28Z,success
2026-01-22T22:00:21Z,1769119221,+00:00,4,22,4,2026-01-22T22:00:21Z,success
,,,,,,2026-01-23T02:54:12Z,error
,,,,,,2026-01-23T04:34:29Z,error
,,,,,,2026-01-23T07:16:44Z,error
2026-01-23T10:00:56Z,1769162456,+00:00,5,23,4,2026-01-23T10:00:56Z,success
2026-01-23T13:34:10Z,1769175250,+00:00,5,23,4,2026-01-23T13:34:11Z,success
,,,,,,2026-01-23T16:03:46Z,error
,,,,,,2026-01-23T19:15:33Z,error
2026-01-23T21:58:41Z,1769205521,+00:00,5,23,4,2026-01-23T21:58:41Z,success
,,,,,,2026-01-24T02:48:35Z,error
2026-01-24T04:24:21Z,1769228661,+00:00,6,24,4,2026-01-24T04:24:22Z,success
2026-01-24T07:01:40Z,1769238100,+00:00,6,24,4,2026-01-24T07:01:40Z,success
2026-01-24T09:57:35Z,1769248655,+00:00,6,24,4,2026-01-24T09:57:35Z,success
2026-01-24T13:23:18Z,1769260998,+00:00,6,24,4,2026-01-24T13:23:18Z,success
2026-01-24T15:58:52Z,1769270332,+00:00,6,24,4,2026-01-24T15:58:52Z,success
2026-01-24T19:01:11Z,1769281271,+00:00,6,24,4,2026-01-24T19:01:12Z,success
2026-01-24T21:58:09Z,1769291889,+00:00,6,24,4,2026-01-24T21:58:09Z,success
2026-01-25T03:04:56Z,1769310296,+00:00,0,25,4,2026-01-25T03:04:56Z,success
,,,,,,2026-01-25T04:43:41Z,error
2026-01-25T07:02:41Z,1769324561,+00:00,0,25,4,2026-01-25T07:02:41Z,success
2026-01-25T09:57:58Z,1769335078,+00:00,0,25,4,2026-01-25T09:57:58Z,success
2026-01-25T13:24:40Z,1769347480,+00:00,0,25,4,2026-01-25T13:24:40Z,success
,,,,,,2026-01-25T15:59:06Z,error
2026-01-25T19:01:40Z,1769367700,+00:00,0,25,4,2026-01-25T19:01:40Z,success
2026-01-25T21:58:03Z,1769378283,+00:00,0,25,4,2026-01-25T21:58:03Z,success
2026-01-26T03:06:02Z,1769396762,+00:00,1,26,5,2026-01-26T03:06:02Z,success
,,,,,,2026-01-26T04:46:53Z,error
2026-01-26T07:18:48Z,1769411928,+00:00,1,26,5,2026-01-26T07:18:48Z,success
2026-01-26T10:02:48Z,1769421768,+00:00,1,26,5,2026-01-26T10:02:48Z,success
2026-01-26T13:35:33Z,1769434533,+00:00,1,26,5,2026-01-26T13:35:34Z,success
2026-01-26T16:04:01Z,1769443441,+00:00,1,26,5,2026-01-26T16:04:01Z,success
,,,,,,2026-01-26T19:15:54Z,error
2026-01-26T21:59:40Z,1769464780,+00:00,1,26,5,2026-01-26T21:59:40Z,success
2026-01-27T02:58:37Z,1769482717,+00:00,2,27,5,2026-01-27T02:58:37Z,success
2026-01-27T04:37:55Z,1769488675,+00:00,2,27,5,2026-01-27T04:37:55Z,success
2026-01-27T07:17:34Z,1769498254,+00:00,2,27,5,2026-01-27T07:17:34Z,success
2026-01-27T10:03:02Z,1769508182,+00:00,2,27,5,2026-01-27T10:03:02Z,success
2026-01-27T13:39:03Z,1769521143,+00:00,2,27,5,2026-01-27T13:39:04Z,success
,,,,,,2026-01-27T16:03:06Z,error
2026-01-27T19:17:52Z,1769541472,+00:00,2,27,5,2026-01-27T19:17:52Z,success
2026-01-27T21:58:07Z,1769551087,+00:00,2,27,5,2026-01-27T21:58:07Z,success
2026-01-28T02:55:35Z,1769568935,+00:00,3,28,5,2026-01-28T02:55:35Z,success
,,,,,,2026-01-28T04:36:40Z,error
2026-01-28T07:16:23Z,1769584583,+00:00,3,28,5,2026-01-28T07:16:23Z,success
2026-01-28T10:03:02Z,1769594582,+00:00,3,28,5,2026-01-28T10:03:02Z,success
2026-01-28T13:38:30Z,1769607510,+00:00,3,28,5,2026-01-28T13:38:30Z,success
,,,,,,2026-01-28T16:20:28Z,error
2026-01-28T19:16:26Z,1769627786,+00:00,3,28,5,2026-01-28T19:16:26Z,success
2026-01-28T22:03:22Z,1769637802,+00:00,3,28,5,2026-01-28T22:03:22Z,success
,,,,,,2026-01-29T03:17:47Z,error
,,,,,,2026-01-29T05:00:49Z,error
2026-01-29T07:31:27Z,1769671887,+00:00,4,29,5,2026-01-29T07:31:27Z,success
2026-01-29T10:23:39Z,1769682219,+00:00,4,29,5,2026-01-29T10:23:39Z,success
2026-01-29T13:48:39Z,1769694519,+00:00,4,29,5,2026-01-29T13:48:39Z,success
,,,,,,2026-01-29T16:26:24Z,error
2026-01-29T19:22:18Z,1769714538,+00:00,4,29,5,2026-01-29T19:22:18Z,success
,,,,,,2026-01-29T22:03:46Z,error
2026-01-30T03:18:07Z,1769743087,+00:00,5,30,5,2026-01-30T03:18:07Z,success
2026-01-30T05:02:22Z,1769749342,+00:00,5,30,5,2026-01-30T05:02:22Z,success
,,,,,,2026-01-30T07:33:21Z,error
2026-01-30T10:19:21Z,1769768361,+00:00,5,30,5,2026-01-30T10:19:21Z,success
2026-01-30T13:45:01Z,1769780701,+00:00,5,30,5,2026-01-30T13:45:01Z,success
2026-01-30T16:21:34Z,1769790094,+00:00,5,30,5,2026-01-30T16:21:34Z,success
,,,,,,2026-01-30T19:23:57Z,error
2026-01-30T21:58:45Z,1769810325,+00:00,5,30,5,2026-01-30T21:58:45Z,success
,,,,,,2026-01-31T03:12:43Z,error
,,,,,,2026-01-31T04:55:39Z,error
2026-01-31T07:18:54Z,1769843934,+00:00,6,31,5,2026-01-31T07:18:54Z,success
2026-01-31T10:00:40Z,1769853640,+00:00,6,31,5,2026-01-31T10:00:40Z,success
2026-01-31T13:32:44Z,1769866364,+00:00,6,31,5,2026-01-31T13:32:44Z,success
2026-01-31T16:00:44Z,1769875244,+00:00,6,31,5,2026-01-31T16:00:44Z,success
,,,,,,2026-01-31T19:11:35Z,error
,,,,,,2026-01-31T22:00:27Z,error
,,,,,,2026-02-01T03:43:34Z,error
2026-02-01T05:16:43Z,1769923003,+00:00,0,32,5,2026-02-01T05:16:43Z,success
2026-02-01T07:27:44Z,1769930864,+00:00,0,32,5,2026-02-01T07:27:44Z,success
,,,,,,2026-02-01T10:03:00Z,error
2026-02-01T13:34:28Z,1769952868,+00:00,0,32,5,2026-02-01T13:34:28Z,success
2026-02-01T16:01:56Z,1769961716,+00:00,0,32,5,2026-02-01T16:01:56Z,success
,,,,,,2026-02-01T19:15:59Z,error
,,,,,,2026-02-01T22:00:06Z,error
2026-02-02T03:34:28Z,1770003268,+00:00,1,33,6,2026-02-02T03:34:28Z,success
2026-02-02T05:17:36Z,1770009456,+00:00,1,33,6,2026-02-02T05:17:36Z,success
2026-02-02T07:41:31Z,1770018091,+00:00,1,33,6,2026-02-02T07:41:31Z,success
2026-02-02T10:31:53Z,1770028313,+00:00,1,33,6,2026-02-02T10:31:53Z,success
2026-02-02T13:52:21Z,1770040341,+00:00,1,33,6,2026-02-02T13:52:21Z,success
2026-02-02T16:19:38Z,1770049178,+00:00,1,33,6,2026-02-02T16:19:38Z,success
2026-02-03T03:28:31Z,1770089311,+00:00,2,34,6,2026-02-03T03:28:31Z,success
2026-02-03T05:09:27Z,1770095367,+00:00,2,34,6,2026-02-03T05:09:27Z,success
2026-02-03T07:33:06Z,1770103986,+00:00,2,34,6,2026-02-03T07:33:06Z,success
,,,,,,2026-02-03T10:28:14Z,error
2026-02-03T13:53:58Z,1770126838,+00:00,2,34,6,2026-02-03T13:53:58Z,success
2026-02-03T16:36:50Z,1770136610,+00:00,2,34,6,2026-02-03T16:36:50Z,success
,,,,,,2026-02-03T19:38:07Z,error
2026-02-03T22:19:58Z,1770157198,+00:00,2,34,6,2026-02-03T22:19:58Z,success
,,,,,,2026-02-04T03:24:36Z,error
,,,,,,2026-02-04T05:04:25Z,error
2026-02-04T07:35:26Z,1770190526,+00:00,3,35,6,2026-02-04T07:35:26Z,success
2026-02-04T10:26:29Z,1770200789,+00:00,3,35,6,2026-02-04T10:26:29Z,success
2026-02-04T13:53:25Z,1770213205,+00:00,3,35,6,2026-02-04T13:53:25Z,success
2026-02-04T16:30:47Z,1770222647,+00:00,3,35,6,2026-02-04T16:30:47Z,success
2026-02-04T19:30:20Z,1770233420,+00:00,3,35,6,2026-02-04T19:30:20Z,success
,,,,,,2026-02-04T22:02:46Z,error
2026-02-05T03:26:18Z,1770261978,+00:00,4,36,6,2026-02-05T03:26:18Z,success
,,,,,,2026-02-05T05:12:04Z,error
2026-02-05T07:40:47Z,1770277247,+00:00,4,36,6,2026-02-05T07:40:47Z,success
,,,,,,2026-02-05T10:29:45Z,error
2026-02-05T13:56:28Z,1770299788,+00:00,4,36,6,2026-02-05T13:56:29Z,success
2026-02-05T16:30:16Z,1770309016,+00:00,4,36,6,2026-02-05T16:30:16Z,success
,,,,,,2026-02-05T19:30:49Z,error
,,,,,,2026-02-05T22:04:12Z,error
2026-02-06T03:23:23Z,1770348203,+00:00,5,37,6,2026-02-06T03:23:23Z,success
2026-02-06T05:08:47Z,1770354527,+00:00,5,37,6,2026-02-06T05:08:47Z,success
2026-02-06T07:37:55Z,1770363475,+00:00,5,37,6,2026-02-06T07:37:55Z,success
2026-02-06T10:26:15Z,1770373575,+00:00,5,37,6,2026-02-06T10:26:15Z,success
2026-02-06T13:51:09Z,1770385869,+00:00,5,37,6,2026-02-06T13:51:09Z,success
2026-02-06T16:27:01Z,1770395221,+00:00,5,37,6,2026-02-06T16:27:01Z,success
2026-02-06T19:29:11Z,1770406151,+00:00,5,37,6,2026-02-06T19:29:11Z,success
2026-02-06T22:00:30Z,1770415230,+00:00,5,37,6,2026-02-06T22:00:30Z,success
2026-02-07T03:14:52Z,1770434092,+00:00,6,38,6,2026-02-07T03:14:52Z,success
2026-02-07T04:58:58Z,1770440338,+00:00,6,38,6,2026-02-07T04:58:58Z,success
2026-02-07T07:23:06Z,1770448986,+00:00,6,38,6,2026-02-07T07:23:06Z,success
2026-02-07T10:02:00Z,1770458520,+00:00,6,38,6,2026-02-07T10:02:00Z,success
,,,,,,2026-02-07T13:36:13Z,error
2026-02-07T16:02:23Z,1770480143,+00:00,6,38,6,2026-02-07T16:02:23Z,success
2026-02-07T19:14:04Z,1770491644,+00:00,6,38,6,2026-02-07T19:14:04Z,success
,,,,,,2026-02-07T22:02:37Z,error
,,,,,,2026-02-08T03:49:28Z,error
,,,,,,2026-02-08T05:20:11Z,error
2026-02-08T07:30:13Z,1770535813,+00:00,0,39,6,2026-02-08T07:30:13Z,success
2026-02-08T10:01:44Z,1770544904,+00:00,0,39,6,2026-02-08T10:01:44Z,success
,,,,,,2026-02-08T13:36:41Z,error
,,,,,,2026-02-08T16:03:44Z,error
,,,,,,2026-02-08T19:17:23Z,error
,,,,,,2026-02-08T22:03:17Z,error
,,,,,,2026-02-09T03:37:18Z,error
,,,,,,2026-02-09T05:22:44Z,error
,,,,,,2026-02-09T07:46:32Z,error
,,,,,,2026-02-09T10:44:44Z,error
,,,,,,2026-02-09T14:05:58Z,error
,,,,,,2026-02-09T19:56:50Z,error
,,,,,,2026-02-09T22:23:00Z,error
,,,,,,2026-02-10T03:45:34Z,error
,,,,,,2026-02-10T05:24:00Z,error
,,,,,,2026-02-10T07:48:52Z,error
,,,,,,2026-02-10T10:42:10Z,error
,,,,,,2026-02-10T14:13:22Z,error
,,,,,,2026-02-10T16:48:35Z,error
2026-02-10T19:51:47Z,1770753107,+00:00,2,41,7,2026-02-10T19:51:47Z,success
,,,,,,2026-02-10T22:26:43Z,error
2026-02-11T03:41:52Z,1770781312,+00:00,3,42,7,2026-02-11T03:41:53Z,success
2026-02-11T05:22:35Z,1770787355,+00:00,3,42,7,2026-02-11T05:22:35Z,success
,,,,,,2026-02-11T07:45:07Z,error
,,,,,,2026-02-11T10:37:12Z,error
,,,,,,2026-02-11T14:07:19Z,error
,,,,,,2026-02-11T16:48:06Z,error
2026-02-11T19:46:56Z,1770839216,+00:00,3,42,7,2026-02-11T19:46:56Z,success
2026-02-11T22:15:59Z,1770848159,+00:00,3,42,7,2026-02-11T22:15:59Z,success
,,,,,,2026-02-12T03:37:31Z,error
,,,,,,2026-02-12T05:19:43Z,error
,,,,,,2026-02-12T07:43:25Z,error
2026-02-12T10:31:43Z,1770892303,+00:00,4,43,7,2026-02-12T10:31:43Z,success
2026-02-12T14:01:29Z,1770904889,+00:00,4,43,7,2026-02-12T14:01:30Z,success
2026-02-12T16:43:07Z,1770914587,+00:00,4,43,7,2026-02-12T16:43:07Z,success
,,,,,,2026-02-12T19:43:10Z,error
,,,,,,2026-02-12T22:18:28Z,error
2026-02-13T03:35:45Z,1770953745,+00:00,5,44,7,2026-02-13T03:35:45Z,success
2026-02-13T05:14:35Z,1770959675,+00:00,5,44,7,2026-02-13T05:14:35Z,success
2026-02-13T07:40:57Z,1770968457,+00:00,5,44,7,2026-02-13T07:40:57Z,success
2026-02-13T10:26:58Z,1770978418,+00:00,5,44,7,2026-02-13T10:26:58Z,success
2026-02-13T13:51:43Z,1770990703,+00:00,5,44,7,2026-02-13T13:51:43Z,success
2026-02-13T16:28:55Z,1771000135,+00:00,5,44,7,2026-02-13T16:28:56Z,success
2026-02-13T19:33:22Z,1771011202,+00:00,5,44,7,2026-02-13T19:33:22Z,success
2026-02-13T22:18:24Z,1771021104,+00:00,5,44,7,2026-02-13T22:18:24Z,success
2026-02-14T03:18:27Z,1771039107,+00:00,6,45,7,2026-02-14T03:18:27Z,success
,,,,,,2026-02-14T05:03:41Z,error
2026-02-14T07:25:32Z,1771053932,+00:00,6,45,7,2026-02-14T07:25:32Z,success
,,,,,,2026-02-14T10:03:10Z,error
,,,,,,2026-02-14T13:36:30Z,error
,,,,,,2026-02-14T16:03:14Z,error
,,,,,,2026-02-14T19:15:16Z,error
,,,,,,2026-02-14T22:00:58Z,error
,,,,,,2026-02-15T03:36:39Z,error
,,,,,,2026-02-15T05:15:30Z,error
,,,,,,2026-02-15T07:30:31Z,error
,,,,,,2026-02-15T10:03:50Z,error
,,,,,,2026-02-15T13:37:07Z,error
,,,,,,2026-02-15T16:03:14Z,error
,,,,,,2026-02-15T19:16:39Z,error
,,,,,,2026-02-15T22:01:37Z,error
,,,,,,2026-02-16T03:35:51Z,error
,,,,,,2026-02-16T05:22:00Z,error
,,,,,,2026-02-16T07:45:03Z,error
,,,,,,2026-02-16T10:37:12Z,error
,,,,,,2026-02-16T13:57:49Z,error
,,,,,,2026-02-16T16:27:49Z,error
,,,,,,2026-02-16T19:25:16Z,error
,,,,,,2026-02-16T22:04:23Z,error
,,,,,,2026-02-17T03:30:40Z,error
,,,,,,2026-02-17T05:16:00Z,error
,,,,,,2026-02-17T07:42:30Z,error
,,,,,,2026-02-17T10:34:02Z,error
,,,,,,2026-02-17T13:59:23Z,error
,,,,,,2026-02-17T16:42:38Z,error
,,,,,,2026-02-17T19:41:49Z,error
,,,,,,2026-02-17T22:17:47Z,error
,,,,,,2026-02-18T03:33:15Z,error
,,,,,,2026-02-18T05:17:28Z,error
,,,,,,2026-02-18T07:42:51Z,error
,,,,,,2026-02-18T10:31:17Z,error
,,,,,,2026-02-18T13:59:40Z,error
,,,,,,2026-02-18T16:47:20Z,error
,,,,,,2026-02-18T19:39:09Z,error
,,,,,,2026-02-18T22:20:11Z,error
,,,,,,2026-02-19T03:31:51Z,error
,,,,,,2026-02-19T05:15:54Z,error
,,,,,,2026-02-19T07:41:27Z,error
,,,,,,2026-02-19T10:30:57Z,error
,,,,,,2026-02-19T14:00:59Z,error
,,,,,,2026-02-19T16:37:33Z,error
,,,,,,2026-02-19T19:33:32Z,error
,,,,,,2026-02-19T22:17:20Z,error
,,,,,,2026-02-20T03:26:53Z,error
,,,,,,2026-02-20T05:10:49Z,error
,,,,,,2026-02-20T07:40:24Z,error
,,,,,,2026-02-20T10:24:58Z,error
,,,,,,2026-02-20T13:51:12Z,error
,,,,,,2026-02-20T16:23:25Z,error
,,,,,,2026-02-20T19:29:40Z,error
,,,,,,2026-02-20T22:01:38Z,error
,,,,,,2026-02-21T03:14:35Z,error
,,,,,,2026-02-21T04:59:50Z,error
,,,,,,2026-02-21T07:23:31Z,error
,,,,,,2026-02-21T10:02:41Z,error
,,,,,,2026-02-21T13:34:43Z,error
,,,,,,2026-02-21T16:02:24Z,error
,,,,,,2026-02-21T19:15:21Z,error
,,,,,,2026-02-21T22:00:18Z,error
,,,,,,2026-02-22T03:31:27Z,error
,,,,,,2026-02-22T05:10:55Z,error
,,,,,,2026-02-22T07:28:23Z,error
,,,,,,2026-02-22T10:03:04Z,error
,,,,,,2026-02-22T13:36:11Z,error
,,,,,,2026-02-22T16:03:23Z,error
,,,,,,2026-02-22T19:15:52Z,error
,,,,,,2026-02-22T22:02:08Z,error
,,,,,,2026-02-23T03:35:17Z,error
,,,,,,2026-02-23T05:20:57Z,error
,,,,,,2026-02-23T07:45:34Z,error
,,,,,,2026-02-23T10:37:40Z,error
,,,,,,2026-02-23T14:10:26Z,error
,,,,,,2026-02-23T16:40:23Z,error
,,,,,,2026-02-23T19:48:13Z,error
,,,,,,2026-02-23T22:30:16Z,error
,,,,,,2026-02-24T03:36:00Z,error
,,,,,,2026-02-24T05:17:05Z,error
,,,,,,2026-02-24T07:42:29Z,error
,,,,,,2026-02-24T10:36:25Z,error
,,,,,,2026-02-24T14:02:36Z,error
,,,,,,2026-02-24T17:14:48Z,error
,,,,,,2026-02-24T19:48:27Z,error
,,,,,,2026-02-24T22:19:29Z,error
,,,,,,2026-02-25T03:31:31Z,error
,,,,,,2026-02-25T05:17:21Z,error
,,,,,,2026-02-25T07:44:18Z,error
,,,,,,2026-02-25T10:37:48Z,error
,,,,,,2026-02-25T14:01:32Z,error
,,,,,,2026-02-25T16:55:16Z,error
,,,,,,2026-02-25T19:43:41Z,error
,,,,,,2026-02-25T22:18:04Z,error
,,,,,,2026-02-26T03:26:55Z,error
,,,,,,2026-02-26T05:15:24Z,error
,,,,,,2026-02-26T07:43:08Z,error
,,,,,,2026-02-26T10:33:45Z,error
,,,,,,2026-02-26T14:01:46Z,error
,,,,,,2026-02-26T16:43:31Z,error
,,,,,,2026-02-26T19:35:12Z,error
,,,,,,2026-02-26T22:19:33Z,error
,,,,,,2026-02-27T03:23:11Z,error
,,,,,,2026-02-27T05:09:03Z,error
,,,,,,2026-02-27T07:37:54Z,error
,,,,,,2026-02-27T10:24:58Z,error
,,,,,,2026-02-27T13:49:25Z,error
,,,,,,2026-02-27T16:24:26Z,error
,,,,,,2026-02-27T19:25:38Z,error
,,,,,,2026-02-27T22:02:34Z,error
,,,,,,2026-02-28T03:03:59Z,error
,,,,,,2026-02-28T04:46:07Z,error
,,,,,,2026-02-28T07:18:08Z,error
,,,,,,2026-02-28T10:00:17Z,error
,,,,,,2026-02-28T13:29:19Z,error
,,,,,,2026-02-28T16:00:31Z,error
,,,,,,2026-02-28T19:11:28Z,error
,,,,,,2026-02-28T21:59:22Z,error
,,,,,,2026-03-01T03:36:30Z,error
,,,,,,2026-03-01T05:13:54Z,error
,,,,,,2026-03-01T07:26:01Z,error
,,,,,,2026-03-01T10:01:32Z,error
,,,,,,2026-03-01T13:31:56Z,error
,,,,,,2026-03-01T16:01:01Z,error
,,,,,,2026-03-01T19:13:12Z,error
,,,,,,2026-03-01T21:59:45Z,error
,,,,,,2026-03-02T03:25:45Z,error
,,,,,,2026-03-02T05:10:40Z,error
,,,,,,2026-03-02T07:41:54Z,error
,,,,,,2026-03-02T10:33:30Z,error
,,,,,,2026-03-02T13:49:50Z,error
,,,,,,2026-03-02T16:27:59Z,error
,,,,,,2026-03-02T19:28:41Z,error
,,,,,,2026-03-02T22:16:23Z,error
,,,,,,2026-03-03T03:29:38Z,error
,,,,,,2026-03-03T05:09:49Z,error
,,,,,,2026-03-03T07:33:55Z,error
,,,,,,2026-03-03T10:26:32Z,error
,,,,,,2026-03-03T13:49:10Z,error
,,,,,,2026-03-03T16:32:09Z,error
,,,,,,2026-03-03T19:31:31Z,error
,,,,,,2026-03-03T22:15:52Z,error
,,,,,,2026-03-04T03:17:21Z,error
,,,,,,2026-03-04T05:03:37Z,error
,,,,,,2026-03-04T07:30:17Z,error
,,,,,,2026-03-04T10:23:33Z,error
,,,,,,2026-03-04T13:46:46Z,error
,,,,,,2026-03-04T16:28:29Z,error
,,,,,,2026-03-04T19:30:40Z,error
,,,,,,2026-03-04T22:18:12Z,error
,,,,,,2026-03-05T03:21:33Z,error
,,,,,,2026-03-05T05:07:51Z,error
,,,,,,2026-03-05T07:33:55Z,error
,,,,,,2026-03-05T10:27:16Z,error
,,,,,,2026-03-05T13:55:06Z,error
,,,,,,2026-03-05T17:51:32Z,error
,,,,,,2026-03-05T19:49:14Z,error
,,,,,,2026-03-05T22:17:03Z,error
,,,,,,2026-03-06T03:19:37Z,error
,,,,,,2026-03-06T05:05:06Z,error
,,,,,,2026-03-06T07:31:13Z,error
,,,,,,2026-03-06T10:21:36Z,error
,,,,,,2026-03-06T13:44:51Z,error
,,,,,,2026-03-06T16:24:03Z,error
,,,,,,2026-03-06T19:26:13Z,error
,,,,,,2026-03-06T22:03:38Z,error
,,,,,,2026-03-07T03:08:32Z,error
,,,,,,2026-03-07T04:53:26Z,error
,,,,,,2026-03-07T07:20:30Z,error
,,,,,,2026-03-07T10:01:18Z,error
,,,,,,2026-03-07T13:31:17Z,error
,,,,,,2026-03-07T16:01:18Z,error
,,,,,,2026-03-07T19:12:14Z,error
,,,,,,2026-03-07T21:59:58Z,error
,,,,,,2026-03-08T03:26:09Z,error
,,,,,,2026-03-08T05:04:51Z,error
,,,,,,2026-03-08T07:23:42Z,error
,,,,,,2026-03-08T10:02:44Z,error
,,,,,,2026-03-08T13:33:06Z,error
,,,,,,2026-03-08T16:01:42Z,error
,,,,,,2026-03-08T19:14:09Z,error
,,,,,,2026-03-08T22:00:17Z,error
,,,,,,2026-03-09T03:29:53Z,error
,,,,,,2026-03-09T05:14:39Z,error
,,,,,,2026-03-09T07:42:52Z,error
,,,,,,2026-03-09T10:33:18Z,error
,,,,,,2026-03-09T13:57:22Z,error
,,,,,,2026-03-09T16:44:15Z,error
,,,,,,2026-03-09T19:31:26Z,error
,,,,,,2026-03-09T22:04:39Z,error
,,,,,,2026-03-10T03:17:41Z,error
,,,,,,2026-03-10T05:04:55Z,error
,,,,,,2026-03-10T07:32:54Z,error
,,,,,,2026-03-10T10:26:36Z,error
,,,,,,2026-03-10T13:52:51Z,error
,,,,,,2026-03-10T16:43:55Z,error
,,,,,,2026-03-10T19:29:39Z,error
,,,,,,2026-03-10T22:02:48Z,error
,,,,,,2026-03-11T03:16:56Z,error
,,,,,,2026-03-11T05:05:53Z,error
,,,,,,2026-03-11T07:35:28Z,error
,,,,,,2026-03-11T10:27:07Z,error
,,,,,,2026-03-11T13:56:40Z,error
,,,,,,2026-03-11T16:37:48Z,error
,,,,,,2026-03-11T19:35:01Z,error
,,,,,,2026-03-11T22:15:51Z,error
,,,,,,2026-03-12T03:26:43Z,error
,,,,,,2026-03-12T05:10:25Z,error
,,,,,,2026-03-12T07:38:27Z,error
,,,,,,2026-03-12T10:27:09Z,error
,,,,,,2026-03-12T13:52:59Z,error
,,,,,,2026-03-12T16:45:42Z,error
2026-03-12T19:33:28Z,1773344008,+00:00,4,71,11,2026-03-12T19:33:28Z,success
,,,,,,2026-03-12T22:04:19Z,error
,,,,,,2026-03-13T03:20:35Z,error
,,,,,,2026-03-13T05:08:18Z,error
,,,,,,2026-03-13T07:37:02Z,error
,,,,,,2026-03-13T10:22:40Z,error
,,,,,,2026-03-13T13:50:00Z,error
,,,,,,2026-03-13T16:23:26Z,error
,,,,,,2026-03-13T19:23:57Z,error
,,,,,,2026-03-13T22:16:44Z,error
,,,,,,2026-03-14T03:17:41Z,error
2026-03-14T05:05:32Z,1773464732,+00:00,6,73,11,2026-03-14T05:05:32Z,success
,,,,,,2026-03-14T07:27:16Z,error
,,,,,,2026-03-14T10:04:05Z,error
,,,,,,2026-03-14T13:37:46Z,error
,,,,,,2026-03-14T16:03:40Z,error
,,,,,,2026-03-14T19:18:55Z,error
,,,,,,2026-03-14T22:03:02Z,error
2026-03-15T03:44:59Z,1773546299,+00:00,0,74,11,2026-03-15T03:44:59Z,success
2026-03-15T05:24:19Z,1773552259,+00:00,0,74,11,2026-03-15T05:24:19Z,success
,,,,,,2026-03-15T07:37:26Z,error
,,,,,,2026-03-15T10:16:22Z,error
,,,,,,2026-03-15T13:38:48Z,error
,,,,,,2026-03-15T16:16:40Z,error
,,,,,,2026-03-15T19:19:43Z,error
,,,,,,2026-03-15T22:03:06Z,error
2026-03-16T03:48:53Z,1773632933,+00:00,1,75,12,2026-03-16T03:48:53Z,success
2026-03-16T05:44:46Z,1773639886,+00:00,1,75,12,2026-03-16T05:44:46Z,success
,,,,,,2026-03-16T08:00:25Z,error
2026-03-16T10:41:23Z,1773657683,+00:00,1,75,12,2026-03-16T10:41:23Z,success
,,,,,,2026-03-16T14:11:21Z,error
,,,,,,2026-03-16T16:47:17Z,error
,,,,,,2026-03-16T19:45:02Z,error
2026-03-16T22:20:05Z,1773699605,+00:00,1,75,12,2026-03-16T22:20:05Z,success
,,,,,,2026-03-17T03:28:17Z,error
2026-03-17T05:15:18Z,1773724518,+00:00,2,76,12,2026-03-17T05:15:18Z,success
2026-03-17T07:44:26Z,1773733466,+00:00,2,76,12,2026-03-17T07:44:27Z,success
,,,,,,2026-03-17T10:37:51Z,error
,,,,,,2026-03-17T14:10:37Z,error
,,,,,,2026-03-17T16:49:27Z,error
2026-03-17T19:45:36Z,1773776736,+00:00,2,76,12,2026-03-17T19:45:36Z,success
2026-03-17T22:27:51Z,1773786471,+00:00,2,76,12,2026-03-17T22:27:51Z,success
,,,,,,2026-03-18T03:35:27Z,error
2026-03-18T05:19:32Z,1773811172,+00:00,3,77,12,2026-03-18T05:19:32Z,success
2026-03-18T07:47:18Z,1773820038,+00:00,3,77,12,2026-03-18T07:47:18Z,success
,,,,,,2026-03-18T10:39:00Z,error
,,,,,,2026-03-18T14:12:09Z,error
,,,,,,2026-03-18T16:46:19Z,error
,,,,,,2026-03-18T19:40:40Z,error
2026-03-18T22:18:30Z,1773872310,+00:00,3,77,12,2026-03-18T22:18:30Z,success
2026-03-19T03:34:40Z,1773891280,+00:00,4,78,12,2026-03-19T03:34:40Z,success
2026-03-19T05:16:42Z,1773897402,+00:00,4,78,12,2026-03-19T05:16:42Z,success
,,,,,,2026-03-19T07:38:58Z,error
,,,,,,2026-03-19T10:28:09Z,error
,,,,,,2026-03-19T14:00:44Z,error
2026-03-19T16:42:48Z,1773938568,+00:00,4,78,12,2026-03-19T16:42:48Z,success
,,,,,,2026-03-19T19:39:16Z,error
,,,,,,2026-03-19T22:03:49Z,error
,,,,,,2026-03-20T03:25:43Z,error
2026-03-20T05:09:54Z,1773983394,+00:00,5,79,12,2026-03-20T05:09:54Z,success
,,,,,,2026-03-20T07:38:36Z,error
,,,,,,2026-03-20T10:25:26Z,error
2026-03-20T13:50:31Z,1774014631,+00:00,5,79,12,2026-03-20T13:50:31Z,success
2026-03-20T16:28:08Z,1774024088,+00:00,5,79,12,2026-03-20T16:28:08Z,success
,,,,,,2026-03-20T19:29:38Z,error
2026-03-20T22:03:08Z,1774044188,+00:00,5,79,12,2026-03-20T22:03:08Z,success
,,,,,,2026-03-21T03:13:18Z,error
,,,,,,2026-03-21T05:00:30Z,error
,,,,,,2026-03-21T07:25:02Z,error
,,,,,,2026-03-21T10:03:20Z,error
,,,,,,2026-03-21T13:35:07Z,error
,,,,,,2026-03-21T16:03:10Z,error
,,,,,,2026-03-21T19:15:54Z,error
2026-03-21T22:00:49Z,1774130449,+00:00,6,80,12,2026-03-21T22:00:49Z,success
2026-03-22T03:33:34Z,1774150414,+00:00,0,81,12,2026-03-22T03:33:34Z,success
,,,,,,2026-03-22T05:14:45Z,error
2026-03-22T07:30:03Z,1774164603,+00:00,0,81,12,2026-03-22T07:30:03Z,success
2026-03-22T10:02:53Z,1774173773,+00:00,0,81,12,2026-03-22T10:02:53Z,success
,,,,,,2026-03-22T13:36:20Z,error
,,,,,,2026-03-22T16:03:40Z,error
2026-03-22T19:16:17Z,1774206977,+00:00,0,81,12,2026-03-22T19:16:17Z,success
,,,,,,2026-03-22T22:02:59Z,error
2026-03-23T03:37:55Z,1774237075,+00:00,1,82,13,2026-03-23T03:37:55Z,success
2026-03-23T05:25:03Z,1774243503,+00:00,1,82,13,2026-03-23T05:25:03Z,success
,,,,,,2026-03-23T07:52:42Z,error
,,,,,,2026-03-23T10:40:50Z,error
,,,,,,2026-03-23T14:06:12Z,error
2026-03-23T16:40:43Z,1774284043,+00:00,1,82,13,2026-03-23T16:40:43Z,success
,,,,,,2026-03-23T19:39:23Z,error
,,,,,,2026-03-23T22:18:06Z,error
,,,,,,2026-03-24T03:28:56Z,error
2026-03-24T05:15:47Z,1774329347,+00:00,2,83,13,2026-03-24T05:15:47Z,success
2026-03-24T07:44:17Z,1774338257,+00:00,2,83,13,2026-03-24T07:44:17Z,success
,,,,,,2026-03-24T10:38:25Z,error
,,,,,,2026-03-24T14:09:40Z,error
2026-03-24T16:45:17Z,1774370717,+00:00,2,83,13,2026-03-24T16:45:17Z,success
,,,,,,2026-03-24T19:45:52Z,error
,,,,,,2026-03-24T22:18:41Z,error
,,,,,,2026-03-25T03:32:58Z,error
,,,,,,2026-03-25T05:17:24Z,error
2026-03-25T07:43:39Z,1774424619,+00:00,3,84,13,2026-03-25T07:43:39Z,success
,,,,,,2026-03-25T10:36:02Z,error
2026-03-25T14:07:36Z,1774447656,+00:00,3,84,13,2026-03-25T14:07:36Z,success
,,,,,,2026-03-25T16:49:46Z,error
,,,,,,2026-03-25T19:37:28Z,error
,,,,,,2026-03-25T22:23:23Z,error
2026-03-26T03:41:31Z,1774496491,+00:00,4,85,13,2026-03-26T03:41:31Z,success
,,,,,,2026-03-26T05:27:22Z,error
2026-03-26T07:50:16Z,1774511416,+00:00,4,85,13,2026-03-26T07:50:16Z,success
2026-03-26T10:44:33Z,1774521873,+00:00,4,85,13,2026-03-26T10:44:33Z,success
,,,,,,2026-03-26T14:17:29Z,error
,,,,,,2026-03-26T16:49:30Z,error
,,,,,,2026-03-26T19:47:55Z,error
2026-03-26T22:03:11Z,1774562591,+00:00,4,85,13,2026-03-26T22:03:11Z,success
,,,,,,2026-03-27T03:45:04Z,error
2026-03-27T05:27:25Z,1774589245,+00:00,5,86,13,2026-03-27T05:27:25Z,success
,,,,,,2026-03-27T07:49:45Z,error
,,,,,,2026-03-27T10:35:55Z,error
2026-03-27T14:01:49Z,1774620109,+00:00,5,86,13,2026-03-27T14:01:49Z,success
,,,,,,2026-03-27T16:40:47Z,error
,,,,,,2026-03-27T19:34:26Z,error
,,,,,,2026-03-27T22:17:52Z,error
,,,,,,2026-03-28T03:31:40Z,error
,,,,,,2026-03-28T05:16:19Z,error
,,,,,,2026-03-28T07:37:20Z,error
,,,,,,2026-03-28T10:19:22Z,error
2026-03-28T13:41:39Z,1774705299,+00:00,6,87,13,2026-03-28T13:41:39Z,success
,,,,,,2026-03-28T16:18:57Z,error
2026-03-28T19:20:39Z,1774725639,+00:00,6,87,13,2026-03-28T19:20:39Z,success
2026-03-28T22:13:23Z,1774736003,+00:00,6,87,13,2026-03-28T22:13:23Z,success
,,,,,,2026-03-29T03:51:01Z,error
2026-03-29T05:30:25Z,1774762225,+00:00,0,88,13,2026-03-29T05:30:25Z,success
,,,,,,2026-03-29T07:43:28Z,error
,,,,,,2026-03-29T10:20:39Z,error
,,,,,,2026-03-29T13:43:42Z,error
,,,,,,2026-03-29T16:19:38Z,error
2026-03-29T19:23:33Z,1774812213,+00:00,0,88,13,2026-03-29T19:23:33Z,success
2026-03-29T22:15:06Z,1774822506,+00:00,0,88,13,2026-03-29T22:15:07Z,success
,,,,,,2026-03-30T03:54:27Z,error
,,,,,,2026-03-30T08:14:21Z,error
,,,,,,2026-03-30T10:52:06Z,error
,,,,,,2026-03-30T14:17:27Z,error
,,,,,,2026-03-30T16:44:16Z,error
,,,,,,2026-03-30T19:45:33Z,error
2026-03-30T22:21:26Z,1774909286,+00:00,1,89,14,2026-03-30T22:21:26Z,success
2026-03-31T03:44:35Z,1774928675,+00:00,2,90,14,2026-03-31T03:44:35Z,success
,,,,,,2026-03-31T05:31:06Z,error
2026-03-31T07:59:43Z,1774943983,+00:00,2,90,14,2026-03-31T07:59:43Z,success
,,,,,,2026-03-31T10:42:04Z,error
,,,,,,2026-03-31T14:20:55Z,error
,,,,,,2026-03-31T16:48:32Z,error
,,,,,,2026-03-31T19:45:16Z,error
,,,,,,2026-03-31T22:22:51Z,error
2026-04-01T03:56:30Z,1775015790,+00:00,3,91,14,2026-04-01T03:56:30Z,success
,,,,,,2026-04-01T08:07:25Z,error
,,,,,,2026-04-01T10:43:50Z,error
,,,,,,2026-04-01T14:22:31Z,error
,,,,,,2026-04-01T16:41:42Z,error
,,,,,,2026-04-01T19:49:08Z,error
,,,,,,2026-04-01T22:24:04Z,error
,,,,,,2026-04-02T03:38:55Z,error
,,,,,,2026-04-02T05:27:08Z,error
2026-04-02T07:55:41Z,1775116541,+00:00,4,92,14,2026-04-02T07:55:42Z,success
,,,,,,2026-04-02T10:40:46Z,error
2026-04-02T14:13:17Z,1775139197,+00:00,4,92,14,2026-04-02T14:13:17Z,success
,,,,,,2026-04-02T16:45:32Z,error
,,,,,,2026-04-02T19:40:08Z,error
,,,,,,2026-04-02T22:21:01Z,error
2026-04-03T03:39:32Z,1775187572,+00:00,5,93,14,2026-04-03T03:39:32Z,success
,,,,,,2026-04-03T05:28:06Z,error
,,,,,,2026-04-03T07:52:47Z,error
,,,,,,2026-04-03T10:32:47Z,error
,,,,,,2026-04-03T13:55:02Z,error
,,,,,,2026-04-03T16:25:00Z,error
,,,,,,2026-04-03T19:31:00Z,error
,,,,,,2026-04-03T22:19:08Z,error
,,,,,,2026-04-04T03:28:39Z,error
2026-04-04T05:15:06Z,1775279706,+00:00,6,94,14,2026-04-04T05:15:06Z,success
,,,,,,2026-04-04T07:41:00Z,error
,,,,,,2026-04-04T10:20:23Z,error
,,,,,,2026-04-04T13:43:49Z,error
,,,,,,2026-04-04T16:19:08Z,error
,,,,,,2026-04-04T19:22:57Z,error
,,,,,,2026-04-04T22:15:22Z,error
2026-04-05T03:48:36Z,1775360916,+00:00,0,95,14,2026-04-05T03:48:36Z,success
,,,,,,2026-04-05T05:32:24Z,error
,,,,,,2026-04-05T07:45:46Z,error
2026-04-05T10:19:11Z,1775384351,+00:00,0,95,14,2026-04-05T10:19:11Z,success
2026-04-05T13:43:52Z,1775396632,+00:00,0,95,14,2026-04-05T13:43:52Z,success
,,,,,,2026-04-05T16:20:38Z,error
,,,,,,2026-04-05T19:26:05Z,error
,,,,,,2026-04-05T22:16:16Z,error
,,,,,,2026-04-06T03:53:11Z,error
2026-04-06T08:14:25Z,1775463265,+00:00,1,96,15,2026-04-06T08:14:25Z,success
2026-04-06T10:44:06Z,1775472246,+00:00,1,96,15,2026-04-06T10:44:06Z,success
,,,,,,2026-04-06T14:03:31Z,error
,,,,,,2026-04-06T16:33:31Z,error
,,,,,,2026-04-06T19:43:47Z,error
2026-04-06T22:20:45Z,1775514045,+00:00,1,96,15,2026-04-06T22:20:45Z,success
,,,,,,2026-04-07T03:44:05Z,error
2026-04-07T05:31:20Z,1775539880,+00:00,2,97,15,2026-04-07T05:31:20Z,success
,,,,,,2026-04-07T08:03:10Z,error
2026-04-07T10:43:45Z,1775558625,+00:00,2,97,15,2026-04-07T10:43:45Z,success
2026-04-07T14:22:06Z,1775571726,+00:00,2,97,15,2026-04-07T14:22:06Z,success
,,,,,,2026-04-07T16:42:59Z,error
,,,,,,2026-04-07T19:47:41Z,error
2026-04-07T22:24:43Z,1775600683,+00:00,2,97,15,2026-04-07T22:24:43Z,success
,,,,,,2026-04-08T03:46:15Z,error
2026-04-08T05:31:51Z,1775626311,+00:00,3,98,15,2026-04-08T05:31:51Z,success
,,,,,,2026-04-08T08:08:13Z,error
,,,,,,2026-04-08T10:46:43Z,error
,,,,,,2026-04-08T14:25:19Z,error
,,,,,,2026-04-08T17:00:22Z,error
,,,,,,2026-04-08T19:52:38Z,error
,,,,,,2026-04-08T22:31:58Z,error
,,,,,,2026-04-09T03:41:24Z,error
,,,,,,2026-04-09T05:33:43Z,error
,,,,,,2026-04-09T08:09:14Z,error
,,,,,,2026-04-09T10:50:52Z,error
,,,,,,2026-04-09T14:32:49Z,error
,,,,,,2026-04-09T16:55:22Z,error
,,,,,,2026-04-09T19:55:55Z,error
,,,,,,2026-04-09T22:28:48Z,error
,,,,,,2026-04-10T03:55:10Z,error
,,,,,,2026-04-10T08:15:44Z,error
,,,,,,2026-04-10T10:42:26Z,error
,,,,,,2026-04-10T14:08:44Z,error
,,,,,,2026-04-10T16:38:30Z,error
,,,,,,2026-04-10T19:35:58Z,error
,,,,,,2026-04-10T22:23:47Z,error
,,,,,,2026-04-11T03:32:45Z,error
,,,,,,2026-04-11T05:20:27Z,error
,,,,,,2026-04-11T07:42:27Z,error
,,,,,,2026-04-11T10:21:47Z,error
,,,,,,2026-04-11T13:46:07Z,error
,,,,,,2026-04-11T16:20:19Z,error
,,,,,,2026-04-11T19:27:24Z,error
,,,,,,2026-04-11T22:17:07Z,error
,,,,,,2026-04-12T03:58:27Z,error
,,,,,,2026-04-12T07:55:27Z,error
,,,,,,2026-04-12T10:26:29Z,error
,,,,,,2026-04-12T13:51:27Z,error
,,,,,,2026-04-12T16:22:24Z,error
,,,,,,2026-04-12T19:31:50Z,error
,,,,,,2026-04-12T22:19:34Z,error
,,,,,,2026-04-13T04:15:34Z,error
,,,,,,2026-04-13T09:17:38Z,error
,,,,,,2026-04-13T11:06:45Z,error
,,,,,,2026-04-13T14:24:46Z,error
,,,,,,2026-04-13T16:55:24Z,error
,,,,,,2026-04-13T19:57:55Z,error
,,,,,,2026-04-13T22:33:11Z,error
,,,,,,2026-04-14T03:56:56Z,error
,,,,,,2026-04-14T08:22:06Z,error
,,,,,,2026-04-14T10:56:06Z,error
,,,,,,2026-04-14T14:46:54Z,error
,,,,,,2026-04-14T16:51:59Z,error
,,,,,,2026-04-14T20:06:16Z,error
,,,,,,2026-04-14T22:34:41Z,error
,,,,,,2026-04-15T03:55:46Z,error
,,,,,,2026-04-15T08:20:02Z,error
,,,,,,2026-04-15T10:52:33Z,error
,,,,,,2026-04-15T14:22:31Z,error
,,,,,,2026-04-15T16:47:12Z,error
,,,,,,2026-04-15T19:57:19Z,error
,,,,,,2026-04-15T22:31:01Z,error
,,,,,,2026-04-16T04:01:46Z,error
,,,,,,2026-04-16T08:20:44Z,error
,,,,,,2026-04-16T10:52:47Z,error
,,,,,,2026-04-16T14:29:50Z,error
,,,,,,2026-04-16T17:01:14Z,error
,,,,,,2026-04-16T19:53:41Z,error
,,,,,,2026-04-16T22:32:02Z,error
,,,,,,2026-04-17T03:58:41Z,error
,,,,,,2026-04-17T08:19:22Z,error
,,,,,,2026-04-17T10:45:36Z,error
,,,,,,2026-04-17T14:13:30Z,error
,,,,,,2026-04-17T16:40:12Z,error
,,,,,,2026-04-17T19:49:11Z,error
,,,,,,2026-04-17T22:26:02Z,error
,,,,,,2026-04-18T03:43:13Z,error
,,,,,,2026-04-18T05:28:19Z,error
,,,,,,2026-04-18T07:50:39Z,error
,,,,,,2026-04-18T10:29:17Z,error
,,,,,,2026-04-18T13:52:40Z,error
,,,,,,2026-04-18T16:24:16Z,error
,,,,,,2026-04-18T19:34:39Z,error
,,,,,,2026-04-18T22:19:52Z,error
,,,,,,2026-04-19T04:02:13Z,error
,,,,,,2026-04-19T08:16:53Z,error
,,,,,,2026-04-19T10:28:01Z,error
,,,,,,2026-04-19T13:50:53Z,error
,,,,,,2026-04-19T16:24:06Z,error
,,,,,,2026-04-19T19:33:33Z,error
,,,,,,2026-04-19T22:21:04Z,error
,,,,,,2026-04-20T04:16:00Z,error
,,,,,,2026-04-20T09:03:54Z,error
,,,,,,2026-04-20T11:09:37Z,error
,,,,,,2026-04-20T14:26:56Z,error
,,,,,,2026-04-20T16:49:25Z,error
,,,,,,2026-04-20T19:51:05Z,error
,,,,,,2026-04-20T22:31:41Z,error
,,,,,,2026-04-21T03:59:01Z,error
,,,,,,2026-04-21T08:25:19Z,error
,,,,,,2026-04-21T10:56:13Z,error
,,,,,,2026-04-21T14:26:40Z,error
,,,,,,2026-04-21T16:46:06Z,error
,,,,,,2026-04-21T19:56:01Z,error
,,,,,,2026-04-21T22:28:33Z,error
,,,,,,2026-04-22T03:55:26Z,error
,,,,,,2026-04-22T08:22:41Z,error
,,,,,,2026-04-22T10:55:11Z,error
,,,,,,2026-04-22T16:46:32Z,error
,,,,,,2026-04-22T19:57:35Z,error
,,,,,,2026-04-22T22:35:34Z,error
,,,,,,2026-04-23T04:00:16Z,error
,,,,,,2026-04-23T08:26:57Z,error
,,,,,,2026-04-23T10:59:38Z,error
,,,,,,2026-04-23T15:03:54Z,error
,,,,,,2026-04-23T17:06:40Z,error
,,,,,,2026-04-23T19:59:20Z,error
,,,,,,2026-04-23T22:31:20Z,error
,,,,,,2026-04-24T04:04:30Z,error
,,,,,,2026-04-24T08:57:42Z,error
,,,,,,2026-04-24T10:57:30Z,error
,,,,,,2026-04-24T14:26:11Z,error
,,,,,,2026-04-24T16:42:55Z,error
,,,,,,2026-04-24T19:42:03Z,error
,,,,,,2026-04-24T22:30:34Z,error
,,,,,,2026-04-25T03:47:32Z,error
,,,,,,2026-04-25T05:33:42Z,error
,,,,,,2026-04-25T07:57:42Z,error
,,,,,,2026-04-25T10:33:25Z,error
,,,,,,2026-04-25T13:55:31Z,error
,,,,,,2026-04-25T16:26:08Z,error
,,,,,,2026-04-25T19:36:19Z,error
,,,,,,2026-04-25T22:22:29Z,error
,,,,,,2026-04-26T04:19:11Z,error
,,,,,,2026-04-26T08:09:48Z,error
,,,,,,2026-04-26T10:33:58Z,error
,,,,,,2026-04-26T13:57:33Z,error
,,,,,,2026-04-26T16:27:36Z,error
,,,,,,2026-04-26T19:38:01Z,error
,,,,,,2026-04-26T22:24:19Z,error
,,,,,,2026-04-27T04:25:16Z,error
,,,,,,2026-04-27T09:12:04Z,error
,,,,,,2026-04-27T11:29:31Z,error
,,,,,,2026-04-27T14:53:30Z,error
,,,,,,2026-04-27T17:13:24Z,error
,,,,,,2026-04-27T20:02:55Z,error
,,,,,,2026-04-27T22:37:59Z,error
,,,,,,2026-04-28T04:28:16Z,error
,,,,,,2026-04-28T09:13:37Z,error
,,,,,,2026-04-28T11:30:35Z,error
,,,,,,2026-04-28T15:13:57Z,error
,,,,,,2026-04-28T17:27:17Z,error
,,,,,,2026-04-28T20:08:53Z,error
,,,,,,2026-04-28T22:43:24Z,error
,,,,,,2026-04-29T04:24:12Z,error
,,,,,,2026-04-29T09:04:26Z,error
,,,,,,2026-04-29T11:22:02Z,error
,,,,,,2026-04-29T15:00:25Z,error
,,,,,,2026-04-29T17:12:41Z,error
,,,,,,2026-04-29T20:05:51Z,error
,,,,,,2026-04-29T22:42:52Z,error
,,,,,,2026-04-30T04:26:32Z,error
,,,,,,2026-04-30T09:07:06Z,error
,,,,,,2026-04-30T11:23:11Z,error
,,,,,,2026-04-30T14:56:01Z,error
,,,,,,2026-04-30T17:06:55Z,error
,,,,,,2026-04-30T20:03:49Z,error
,,,,,,2026-04-30T22:39:14Z,error
,,,,,,2026-05-01T04:42:26Z,error
,,,,,,2026-05-01T08:55:26Z,error
,,,,,,2026-05-01T10:59:48Z,error
,,,,,,2026-05-01T14:11:38Z,error
,,,,,,2026-05-01T16:42:09Z,error
,,,,,,2026-05-01T19:57:10Z,error
,,,,,,2026-05-01T22:37:58Z,error
,,,,,,2026-05-02T04:14:48Z,error
,,,,,,2026-05-02T08:16:03Z,error
,,,,,,2026-05-02T10:39:15Z,error
,,,,,,2026-05-02T14:03:26Z,error
,,,,,,2026-05-02T16:34:24Z,error
,,,,,,2026-05-02T19:45:19Z,error
,,,,,,2026-05-02T22:27:07Z,error
,,,,,,2026-05-03T04:37:21Z,error
,,,,,,2026-05-03T08:29:46Z,error
,,,,,,2026-05-03T10:42:04Z,error
,,,,,,2026-05-03T14:04:15Z,error
,,,,,,2026-05-03T16:34:27Z,error
,,,,,,2026-05-03T19:44:35Z,error
,,,,,,2026-05-03T22:27:38Z,error
,,,,,,2026-05-04T04:35:30Z,error
,,,,,,2026-05-04T09:09:59Z,error
,,,,,,2026-05-04T11:30:44Z,error
,,,,,,2026-05-04T15:00:11Z,error
,,,,,,2026-05-04T17:19:16Z,error
,,,,,,2026-05-04T20:08:57Z,error
,,,,,,2026-05-04T22:44:37Z,error
,,,,,,2026-05-05T04:02:43Z,error
,,,,,,2026-05-05T09:14:36Z,error
,,,,,,2026-05-05T11:08:16Z,error
,,,,,,2026-05-05T17:16:01Z,error
,,,,,,2026-05-05T20:02:59Z,error
,,,,,,2026-05-05T22:43:06Z,error
,,,,,,2026-05-06T04:27:58Z,error
,,,,,,2026-05-06T09:22:26Z,error
,,,,,,2026-05-06T11:32:50Z,error
,,,,,,2026-05-06T15:18:12Z,error
,,,,,,2026-05-06T17:18:04Z,error
,,,,,,2026-05-06T20:27:08Z,error
,,,,,,2026-05-06T22:37:07Z,error
,,,,,,2026-05-07T04:28:35Z,error
,,,,,,2026-05-07T09:24:49Z,error
,,,,,,2026-05-07T11:32:05Z,error
,,,,,,2026-05-07T15:24:30Z,error
,,,,,,2026-05-07T17:29:05Z,error
,,,,,,2026-05-07T20:09:01Z,error
,,,,,,2026-05-07T22:47:20Z,error
,,,,,,2026-05-08T04:05:05Z,error
,,,,,,2026-05-08T08:16:55Z,error
,,,,,,2026-05-08T11:03:57Z,error
,,,,,,2026-05-08T14:29:27Z,error
,,,,,,2026-05-08T16:59:21Z,error
,,,,,,2026-05-08T20:02:16Z,error
,,,,,,2026-05-08T22:42:48Z,error
,,,,,,2026-05-09T04:19:25Z,error
,,,,,,2026-05-09T08:24:46Z,error
,,,,,,2026-05-09T10:43:35Z,error
,,,,,,2026-05-09T14:11:30Z,error
,,,,,,2026-05-09T16:38:51Z,error
,,,,,,2026-05-09T19:48:16Z,error
,,,,,,2026-05-09T22:30:09Z,error
,,,,,,2026-05-10T04:39:00Z,error
,,,,,,2026-05-10T08:34:47Z,error
,,,,,,2026-05-10T10:51:02Z,error
,,,,,,2026-05-10T14:14:02Z,error
,,,,,,2026-05-10T16:39:34Z,error
,,,,,,2026-05-10T19:49:38Z,error
,,,,,,2026-05-10T22:33:56Z,error
,,,,,,2026-05-11T04:52:10Z,error
,,,,,,2026-05-11T10:28:06Z,error
,,,,,,2026-05-11T15:51:45Z,error
,,,,,,2026-05-11T17:49:33Z,error
,,,,,,2026-05-11T20:26:34Z,error
,,,,,,2026-05-11T22:43:53Z,error
,,,,,,2026-05-12T04:30:20Z,error
,,,,,,2026-05-12T09:38:18Z,error
,,,,,,2026-05-12T11:46:22Z,error
,,,,,,2026-05-12T16:03:05Z,error
,,,,,,2026-05-12T17:51:56Z,error
,,,,,,2026-05-12T20:33:18Z,error
,,,,,,2026-05-12T22:51:46Z,error
,,,,,,2026-05-13T04:38:01Z,error
,,,,,,2026-05-13T09:41:14Z,error
,,,,,,2026-05-13T11:58:59Z,error
,,,,,,2026-05-13T15:40:23Z,error
,,,,,,2026-05-13T17:53:01Z,error
,,,,,,2026-05-13T20:31:46Z,error
,,,,,,2026-05-13T22:54:06Z,error
,,,,,,2026-05-14T04:36:31Z,error
,,,,,,2026-05-14T09:26:07Z,error
,,,,,,2026-05-14T11:31:49Z,error
,,,,,,2026-05-14T15:13:23Z,error
,,,,,,2026-05-14T17:29:52Z,error
,,,,,,2026-05-14T20:21:52Z,error
,,,,,,2026-05-14T22:46:47Z,error
,,,,,,2026-05-15T04:42:29Z,error
,,,,,,2026-05-15T09:37:39Z,error
,,,,,,2026-05-15T11:47:59Z,error
,,,,,,2026-05-15T15:09:04Z,error
,,,,,,2026-05-15T17:17:40Z,error
,,,,,,2026-05-15T20:10:02Z,error
,,,,,,2026-05-15T22:42:17Z,error
,,,,,,2026-05-16T04:23:37Z,error
,,,,,,2026-05-16T08:30:55Z,error
,,,,,,2026-05-16T10:50:50Z,error
,,,,,,2026-05-16T14:15:50Z,error
,,,,,,2026-05-16T16:41:31Z,error
,,,,,,2026-05-16T19:53:46Z,error
,,,,,,2026-05-16T22:33:18Z,error
,,,,,,2026-05-17T04:45:25Z,error
,,,,,,2026-05-17T08:57:50Z,error
,,,,,,2026-05-17T10:58:53Z,error
,,,,,,2026-05-17T14:18:23Z,error
,,,,,,2026-05-17T16:42:13Z,error
,,,,,,2026-05-17T19:57:26Z,error
,,,,,,2026-05-17T22:40:38Z,error
,,,,,,2026-05-18T05:01:04Z,error
,,,,,,2026-05-18T10:52:01Z,error
,,,,,,2026-05-18T16:16:37Z,error
,,,,,,2026-05-18T20:32:55Z,error
,,,,,,2026-05-18T22:44:30Z,error
,,,,,,2026-05-19T04:50:00Z,error
,,,,,,2026-05-19T10:29:32Z,error
,,,,,,2026-05-19T16:13:16Z,error
,,,,,,2026-05-19T20:22:38Z,error
,,,,,,2026-05-19T22:54:19Z,error
,,,,,,2026-05-20T04:56:50Z,error
,,,,,,2026-05-20T10:18:01Z,error
,,,,,,2026-05-20T16:21:58Z,error
,,,,,,2026-05-20T20:56:59Z,error
,,,,,,2026-05-20T23:02:15Z,error
,,,,,,2026-05-21T05:02:47Z,error
,,,,,,2026-05-21T10:28:01Z,error
,,,,,,2026-05-21T16:05:09Z,error
,,,,,,2026-05-21T20:28:44Z,error
,,,,,,2026-05-21T22:57:05Z,error
,,,,,,2026-05-22T04:53:07Z,error
,,,,,,2026-05-22T10:04:16Z,error
,,,,,,2026-05-22T15:43:33Z,error
,,,,,,2026-05-22T17:31:35Z,error
,,,,,,2026-05-22T20:27:20Z,error
,,,,,,2026-05-22T22:45:37Z,error
,,,,,,2026-05-23T04:31:39Z,error
,,,,,,2026-05-23T08:56:27Z,error
,,,,,,2026-05-23T11:03:19Z,error
,,,,,,2026-05-23T16:44:44Z,error
,,,,,,2026-05-23T19:58:03Z,error
,,,,,,2026-05-23T22:40:05Z,error
,,,,,,2026-05-24T04:56:42Z,error
,,,,,,2026-05-24T09:12:51Z,error
,,,,,,2026-05-24T11:05:49Z,error
,,,,,,2026-05-24T14:17:11Z,error
,,,,,,2026-05-24T16:47:03Z,error
,,,,,,2026-05-24T19:57:26Z,error
,,,,,,2026-05-24T22:44:14Z,error
,,,,,,2026-05-25T05:14:06Z,error
,,,,,,2026-05-25T11:01:25Z,error
,,,,,,2026-05-25T15:45:31Z,error
,,,,,,2026-05-25T17:27:22Z,error
,,,,,,2026-05-25T20:17:34Z,error
,,,,,,2026-05-25T22:47:15Z,error
,,,,,,2026-05-26T04:55:37Z,error
,,,,,,2026-05-26T10:39:33Z,error
,,,,,,2026-05-26T16:34:15Z,error
,,,,,,2026-05-26T20:50:54Z,error
,,,,,,2026-05-26T22:58:55Z,error
,,,,,,2026-05-27T05:07:58Z,error
,,,,,,2026-05-27T10:45:27Z,error
,,,,,,2026-05-27T16:31:32Z,error
,,,,,,2026-05-27T20:58:14Z,error
,,,,,,2026-05-27T23:06:10Z,error
,,,,,,2026-05-28T05:02:28Z,error
,,,,,,2026-05-28T10:44:12Z,error
,,,,,,2026-05-28T16:46:44Z,error
,,,,,,2026-05-28T21:02:59Z,error
,,,,,,2026-05-28T23:04:57Z,error
,,,,,,2026-05-29T05:03:37Z,error
,,,,,,2026-05-29T10:37:29Z,error
,,,,,,2026-05-29T16:33:16Z,error
,,,,,,2026-05-29T21:04:50Z,error
,,,,,,2026-05-29T23:01:47Z,error
,,,,,,2026-05-30T04:42:44Z,error
,,,,,,2026-05-30T09:07:49Z,error
,,,,,,2026-05-30T11:09:26Z,error
,,,,,,2026-05-30T14:21:47Z,error
,,,,,,2026-05-30T16:47:39Z,error
,,,,,,2026-05-30T20:00:13Z,error
,,,,,,2026-05-30T22:44:01Z,error
,,,,,,2026-05-31T05:11:55Z,error
,,,,,,2026-05-31T09:39:59Z,error
,,,,,,2026-05-31T11:24:04Z,error
,,,,,,2026-05-31T14:24:29Z,error
,,,,,,2026-05-31T16:50:26Z,error
,,,,,,2026-05-31T19:59:37Z,error
,,,,,,2026-05-31T22:45:27Z,error
,,,,,,2026-06-01T05:33:36Z,error
,,,,,,2026-06-01T12:26:54Z,error
,,,,,,2026-06-01T18:31:47Z,error
,,,,,,2026-06-01T21:56:14Z,error
,,,,,,2026-06-02T05:19:11Z,error
,,,,,,2026-06-02T11:10:29Z,error
,,,,,,2026-06-02T17:12:04Z,error
,,,,,,2026-06-02T21:39:11Z,error
,,,,,,2026-06-02T23:25:19Z,error
,,,,,,2026-06-03T05:53:05Z,error
,,,,,,2026-06-03T11:33:46Z,error
,,,,,,2026-06-03T17:54:55Z,error
,,,,,,2026-06-03T21:40:58Z,error
,,,,,,2026-06-03T23:25:59Z,error
,,,,,,2026-06-04T05:30:57Z,error
,,,,,,2026-06-04T10:31:37Z,error
,,,,,,2026-06-04T16:14:56Z,error
,,,,,,2026-06-04T20:55:19Z,error
,,,,,,2026-06-04T22:59:39Z,error
,,,,,,2026-06-05T05:06:46Z,error
,,,,,,2026-06-05T10:39:15Z,error
,,,,,,2026-06-05T15:45:27Z,error
,,,,,,2026-06-05T17:44:18Z,error
,,,,,,2026-06-05T20:45:39Z,error
,,,,,,2026-06-05T22:51:56Z,error
,,,,,,2026-06-06T04:45:21Z,error
,,,,,,2026-06-06T09:15:30Z,error
,,,,,,2026-06-06T11:14:28Z,error
,,,,,,2026-06-06T14:22:58Z,error
,,,,,,2026-06-06T16:54:58Z,error
,,,,,,2026-06-06T20:02:41Z,error
,,,,,,2026-06-06T22:48:21Z,error
,,,,,,2026-06-07T05:15:11Z,error
,,,,,,2026-06-07T09:54:33Z,error
,,,,,,2026-06-07T14:45:23Z,error
,,,,,,2026-06-07T17:01:07Z,error
,,,,,,2026-06-07T20:04:26Z,error
,,,,,,2026-06-07T22:50:32Z,error
,,,,,,2026-06-08T05:22:17Z,error
,,,,,,2026-06-08T11:33:00Z,error
,,,,,,2026-06-08T16:41:33Z,error
,,,,,,2026-06-08T21:11:16Z,error
,,,,,,2026-06-08T23:06:08Z,error
,,,,,,2026-06-09T04:57:39Z,error
,,,,,,2026-06-09T10:26:27Z,error
,,,,,,2026-06-09T15:48:39Z,error
,,,,,,2026-06-09T17:49:55Z,error
,,,,,,2026-06-09T20:53:18Z,error
,,,,,,2026-06-09T23:07:18Z,error
,,,,,,2026-06-10T05:09:18Z,error
,,,,,,2026-06-10T10:46:21Z,error
,,,,,,2026-06-10T16:28:59Z,error
,,,,,,2026-06-10T21:19:09Z,error
,,,,,,2026-06-10T23:17:24Z,error
,,,,,,2026-06-11T05:18:08Z,error
,,,,,,2026-06-11T11:17:08Z,error
,,,,,,2026-06-11T16:43:20Z,error
,,,,,,2026-06-11T21:11:18Z,error
,,,,,,2026-06-11T23:13:23Z,error
,,,,,,2026-06-12T05:23:20Z,error
,,,,,,2026-06-12T10:55:25Z,error
,,,,,,2026-06-12T16:01:00Z,error
,,,,,,2026-06-12T20:58:28Z,error
,,,,,,2026-06-12T23:06:01Z,error
,,,,,,2026-06-13T05:12:51Z,error
,,,,,,2026-06-13T09:49:23Z,error
,,,,,,2026-06-13T11:45:48Z,error
,,,,,,2026-06-13T14:55:59Z,error
,,,,,,2026-06-13T20:10:33Z,error
,,,,,,2026-06-13T22:51:04Z,error
,,,,,,2026-06-14T05:23:19Z,error
,,,,,,2026-06-14T10:18:06Z,error
,,,,,,2026-06-14T15:02:04Z,error
,,,,,,2026-06-14T17:05:02Z,error
,,,,,,2026-06-14T20:12:37Z,error
,,,,,,2026-06-14T22:57:14Z,error
,,,,,,2026-06-15T06:12:11Z,error
,,,,,,2026-06-15T12:56:04Z,error
,,,,,,2026-06-15T19:36:04Z,error
,,,,,,2026-06-15T23:45:27Z,error
,,,,,,2026-06-16T06:37:54Z,error
,,,,,,2026-06-16T12:17:06Z,error
,,,,,,2026-06-16T17:52:39Z,error
,,,,,,2026-06-16T21:38:49Z,error
,,,,,,2026-06-16T23:15:46Z,error
,,,,,,2026-06-17T05:34:00Z,error
,,,,,,2026-06-17T11:25:28Z,error
,,,,,,2026-06-17T16:33:47Z,error
,,,,,,2026-06-17T20:59:47Z,error
,,,,,,2026-06-17T23:12:51Z,error
,,,,,,2026-06-18T05:26:38Z,error
,,,,,,2026-06-18T11:03:54Z,error
,,,,,,2026-06-18T16:32:14Z,error
,,,,,,2026-06-18T21:21:52Z,error
,,,,,,2026-06-18T23:26:39Z,error
,,,,,,2026-06-19T06:03:17Z,error
,,,,,,2026-06-19T11:09:16Z,error
,,,,,,2026-06-19T15:56:26Z,error
,,,,,,2026-06-19T20:23:12Z,error
,,,,,,2026-06-19T22:41:52Z,error
,,,,,,2026-06-20T05:02:36Z,error
,,,,,,2026-06-20T09:55:18Z,error
,,,,,,2026-06-20T14:58:28Z,error
,,,,,,2026-06-20T17:11:14Z,error
,,,,,,2026-06-20T20:09:48Z,error
,,,,,,2026-06-20T22:55:13Z,error
,,,,,,2026-06-21T05:32:26Z,error
,,,,,,2026-06-21T10:24:29Z,error
,,,,,,2026-06-21T15:06:17Z,error
,,,,,,2026-06-21T17:14:15Z,error
,,,,,,2026-06-21T20:20:04Z,error
,,,,,,2026-06-21T22:54:22Z,error
,,,,,,2026-06-22T06:16:20Z,error
,,,,,,2026-06-22T12:39:45Z,error
,,,,,,2026-06-22T17:22:34Z,error
,,,,,,2026-06-22T21:31:24Z,error
,,,,,,2026-06-22T23:09:10Z,error
,,,,,,2026-06-23T04:49:29Z,error
,,,,,,2026-06-23T10:25:55Z,error
,,,,,,2026-06-23T15:42:37Z,error
,,,,,,2026-06-23T17:33:06Z,error
,,,,,,2026-06-23T20:58:44Z,error
,,,,,,2026-06-23T22:55:41Z,error
,,,,,,2026-06-24T04:57:18Z,error
,,,,,,2026-06-24T10:03:26Z,error
,,,,,,2026-06-24T15:30:00Z,error
,,,,,,2026-06-24T17:46:18Z,error
,,,,,,2026-06-24T20:25:57Z,error
,,,,,,2026-06-24T22:57:47Z,error
,,,,,,2026-06-25T04:56:29Z,error
,,,,,,2026-06-25T10:00:40Z,error
,,,,,,2026-06-25T15:36:03Z,error
,,,,,,2026-06-25T17:58:12Z,error
,,,,,,2026-06-25T20:52:42Z,error
,,,,,,2026-06-25T23:05:20Z,error
,,,,,,2026-06-26T05:01:32Z,error
,,,,,,2026-06-26T10:03:50Z,error
,,,,,,2026-06-26T15:19:51Z,error
,,,,,,2026-06-26T17:27:09Z,error
,,,,,,2026-06-26T20:25:14Z,error
,,,,,,2026-06-26T22:56:32Z,error
,,,,,,2026-06-27T04:43:20Z,error
,,,,,,2026-06-27T09:19:41Z,error
,,,,,,2026-06-27T11:17:54Z,error
,,,,,,2026-06-27T14:20:07Z,error
,,,,,,2026-06-27T16:52:03Z,error
,,,,,,2026-06-27T20:01:51Z,error
,,,,,,2026-06-27T22:47:41Z,error
,,,,,,2026-06-28T05:10:43Z,error
,,,,,,2026-06-28T09:50:16Z,error
,,,,,,2026-06-28T11:30:10Z,error
,,,,,,2026-06-28T14:29:50Z,error
,,,,,,2026-06-28T16:52:26Z,error
,,,,,,2026-06-28T20:03:24Z,error
,,,,,,2026-06-28T22:47:56Z,error
,,,,,,2026-06-29T05:21:18Z,error
,,,,,,2026-06-29T11:51:47Z,error
,,,,,,2026-06-29T16:31:46Z,error
,,,,,,2026-06-29T20:34:20Z,error
,,,,,,2026-06-29T22:44:26Z,error
,,,,,,2026-06-30T04:56:45Z,error
,,,,,,2026-06-30T10:21:25Z,error
,,,,,,2026-06-30T15:26:00Z,error
,,,,,,2026-06-30T17:32:57Z,error
,,,,,,2026-06-30T20:49:40Z,error
,,,,,,2026-06-30T23:01:18Z,error
,,,,,,2026-07-01T05:14:07Z,error
,,,,,,2026-07-01T10:36:13Z,error
,,,,,,2026-07-01T15:33:38Z,error
,,,,,,2026-07-01T17:44:55Z,error
,,,,,,2026-07-01T20:32:10Z,error
,,,,,,2026-07-01T22:58:05Z,error
,,,,,,2026-07-02T04:49:25Z,error
,,,,,,2026-07-02T09:52:08Z,error
,,,,,,2026-07-02T12:00:11Z,error
,,,,,,2026-07-02T15:01:46Z,error
,,,,,,2026-07-02T17:23:22Z,error
,,,,,,2026-07-02T20:11:50Z,error
,,,,,,2026-07-02T22:51:55Z,error
,,,,,,2026-07-03T04:33:41Z,error
,,,,,,2026-07-03T09:48:59Z,error
,,,,,,2026-07-03T11:58:22Z,error
,,,,,,2026-07-03T15:00:47Z,error
,,,,,,2026-07-03T17:07:42Z,error
,,,,,,2026-07-03T20:07:27Z,error
,,,,,,2026-07-03T22:47:53Z,error
,,,,,,2026-07-04T04:26:39Z,error
,,,,,,2026-07-04T09:12:00Z,error
,,,,,,2026-07-04T11:15:02Z,error
,,,,,,2026-07-04T14:20:16Z,error
,,,,,,2026-07-04T16:47:10Z,error
,,,,,,2026-07-04T20:01:57Z,error
,,,,,,2026-07-04T22:44:15Z,error
,,,,,,2026-07-05T04:47:47Z,error
,,,,,,2026-07-05T09:33:27Z,error
,,,,,,2026-07-05T11:22:20Z,error
,,,,,,2026-07-05T14:23:25Z,error
,,,,,,2026-07-05T16:49:28Z,error
,,,,,,2026-07-05T20:04:22Z,error
,,,,,,2026-07-05T22:45:04Z,error
,,,,,,2026-07-06T05:02:13Z,error
,,,,,,2026-07-06T11:19:13Z,error
,,,,,,2026-07-06T16:12:27Z,error
,,,,,,2026-07-06T20:47:18Z,error
,,,,,,2026-07-06T22:52:42Z,error
,,,,,,2026-07-07T04:40:53Z,error
,,,,,,2026-07-07T10:16:41Z,error
,,,,,,2026-07-07T15:38:10Z,error
,,,,,,2026-07-07T17:49:12Z,error
,,,,,,2026-07-07T20:33:49Z,error
,,,,,,2026-07-07T22:48:03Z,error
,,,,,,2026-07-08T04:00:56Z,error
,,,,,,2026-07-08T09:17:09Z,error
,,,,,,2026-07-08T11:33:30Z,error
,,,,,,2026-07-08T15:03:26Z,error
,,,,,,2026-07-08T17:15:38Z,error
,,,,,,2026-07-08T20:14:18Z,error
,,,,,,2026-07-08T22:48:56Z,error
,,,,,,2026-07-09T04:40:38Z,error
,,,,,,2026-07-09T15:50:31Z,error
,,,,,,2026-07-09T17:45:23Z,error
,,,,,,2026-07-09T20:32:03Z,error
,,,,,,2026-07-09T23:00:13Z,error
,,,,,,2026-07-10T04:42:26Z,error
,,,,,,2026-07-10T10:14:03Z,error
,,,,,,2026-07-10T15:25:46Z,error
,,,,,,2026-07-10T17:32:55Z,error
,,,,,,2026-07-10T20:10:04Z,error
,,,,,,2026-07-10T22:45:49Z,error
,,,,,,2026-07-11T03:58:42Z,error
,,,,,,2026-07-11T08:31:52Z,error
,,,,,,2026-07-11T10:48:38Z,error
,,,,,,2026-07-11T14:15:48Z,error
,,,,,,2026-07-11T16:39:31Z,error
,,,,,,2026-07-11T19:56:33Z,error
,,,,,,2026-07-11T22:34:49Z,error
,,,,,,2026-07-12T04:20:25Z,error
,,,,,,2026-07-12T08:57:12Z,error
,,,,,,2026-07-12T11:02:56Z,error
,,,,,,2026-07-12T14:20:33Z,error
,,,,,,2026-07-12T16:41:48Z,error
,,,,,,2026-07-12T19:58:00Z,error
,,,,,,2026-07-12T22:34:53Z,error
,,,,,,2026-07-13T04:23:39Z,error
,,,,,,2026-07-13T10:03:11Z,error
,,,,,,2026-07-13T15:38:21Z,error
,,,,,,2026-07-13T17:46:44Z,error
,,,,,,2026-07-13T20:04:58Z,error
,,,,,,2026-07-13T22:41:58Z,error
,,,,,,2026-07-14T03:50:40Z,error
,,,,,,2026-07-14T06:02:51Z,error
,,,,,,2026-07-14T08:57:04Z,error
,,,,,,2026-07-14T11:15:11Z,error
,,,,,,2026-07-14T14:32:41Z,error
,,,,,,2026-07-14T16:57:00Z,error
,,,,,,2026-07-14T20:01:46Z,error
,,,,,,2026-07-14T22:43:41Z,error
,,,,,,2026-07-15T03:50:52Z,error
,,,,,,2026-07-15T06:05:39Z,error
,,,,,,2026-07-15T09:03:38Z,error
,,,,,,2026-07-15T11:18:15Z,error
,,,,,,2026-07-15T14:32:07Z,error
,,,,,,2026-07-15T16:59:47Z,error
,,,,,,2026-07-15T19:58:09Z,error
,,,,,,2026-07-15T22:45:18Z,error
,,,,,,2026-07-16T03:54:12Z,error
,,,,,,2026-07-16T09:07:03Z,error
,,,,,,2026-07-16T11:24:08Z,error
,,,,,,2026-07-16T14:51:05Z,error
,,,,,,2026-07-16T16:57:37Z,error
,,,,,,2026-07-16T19:51:57Z,error
,,,,,,2026-07-16T22:44:28Z,error
,,,,,,2026-07-17T03:54:30Z,error
,,,,,,2026-07-17T09:02:17Z,error
,,,,,,2026-07-17T11:12:10Z,error
,,,,,,2026-07-17T14:22:16Z,error
,,,,,,2026-07-17T16:55:03Z,error
,,,,,,2026-07-17T19:55:02Z,error
,,,,,,2026-07-17T22:36:13Z,error
,,,,,,2026-07-18T03:48:20Z,error
,,,,,,2026-07-18T05:55:22Z,error
,,,,,,2026-07-18T08:29:35Z,error
,,,,,,2026-07-18T10:53:05Z,error
,,,,,,2026-07-18T14:13:29Z,error
,,,,,,2026-07-18T16:40:59Z,error
,,,,,,2026-07-18T19:57:05Z,error
,,,,,,2026-07-18T22:35:37Z,error
,,,,,,2026-07-19T04:16:54Z,error
,,,,,,2026-07-19T09:01:08Z,error
,,,,,,2026-07-19T11:01:39Z,error
,,,,,,2026-07-19T14:18:58Z,error
,,,,,,2026-07-19T16:41:14Z,error
,,,,,,2026-07-19T19:59:37Z,error
,,,,,,2026-07-19T22:38:06Z,error
,,,,,,2026-07-20T04:28:28Z,error
,,,,,,2026-07-20T09:48:29Z,error
,,,,,,2026-07-20T12:07:10Z,error
,,,,,,2026-07-20T15:00:29Z,error
,,,,,,2026-07-20T17:12:34Z,error
,,,,,,2026-07-20T20:15:45Z,error
,,,,,,2026-07-20T22:43:21Z,error
,,,,,,2026-07-21T04:02:12Z,error
,,,,,,2026-07-21T09:20:29Z,error
,,,,,,2026-07-21T11:33:54Z,error
,,,,,,2026-07-21T14:52:43Z,error
,,,,,,2026-07-21T17:05:02Z,error
,,,,,,2026-07-21T20:10:17Z,error
,,,,,,2026-07-21T22:41:27Z,error
,,,,,,2026-07-22T04:03:26Z,error
,,,,,,2026-07-22T09:18:58Z,error
,,,,,,2026-07-22T11:34:44Z,error
,,,,,,2026-07-22T14:51:02Z,error
,,,,,,2026-07-22T17:04:49Z,error
,,,,,,2026-07-22T20:03:12Z,error
,,,,,,2026-07-22T22:47:17Z,error
,,,,,,2026-07-23T04:01:30Z,error
,,,,,,2026-07-23T09:16:39Z,error
,,,,,,2026-07-23T11:44:17Z,error
,,,,,,2026-07-23T14:56:17Z,error
,,,,,,2026-07-23T17:07:24Z,error
,,,,,,2026-07-23T20:04:18Z,error
,,,,,,2026-07-23T22:43:22Z,error
,,,,,,2026-07-24T04:00:28Z,error
,,,,,,2026-07-24T09:13:46Z,error
,,,,,,2026-07-24T11:29:29Z,error
,,,,,,2026-07-24T14:29:25Z,error
,,,,,,2026-07-24T17:16:38Z,error
,,,,,,2026-07-24T20:07:10Z,error
,,,,,,2026-07-24T22:47:10Z,error
,,,,,,2026-07-25T03:56:34Z,error
,,,,,,2026-07-25T08:54:49Z,error
,,,,,,2026-07-25T10:59:35Z,error
,,,,,,2026-07-25T14:23:39Z,error
,,,,,,2026-07-25T16:40:11Z,error
,,,,,,2026-07-25T20:03:58Z,error
,,,,,,2026-07-25T22:42:08Z,error
,,,,,,2026-07-26T04:20:40Z,error
,,,,,,2026-07-26T09:07:11Z,error
,,,,,,2026-07-26T11:12:07Z,error
,,,,,,2026-07-26T14:20:30Z,error
,,,,,,2026-07-26T16:41:48Z,error
,,,,,,2026-07-26T20:00:48Z,error
,,,,,,2026-07-26T22:45:54Z,error
,,,,,,2026-07-27T04:29:29Z,error
,,,,,,2026-07-27T10:31:00Z,error
,,,,,,2026-07-27T15:34:33Z,error
,,,,,,2026-07-27T17:26:05Z,error
,,,,,,2026-07-27T20:12:33Z,error
,,,,,,2026-07-27T22:46:10Z,error
,,,,,,2026-07-28T03:54:24Z,error
,,,,,,2026-07-28T09:30:47Z,error
,,,,,,2026-07-28T11:48:31Z,error
,,,,,,2026-07-28T15:11:35Z,error
,,,,,,2026-07-28T17:15:16Z,error
,,,,,,2026-07-28T20:11:55Z,error
,,,,,,2026-07-28T22:46:38Z,error
,,,,,,2026-07-29T03:57:48Z,error
,,,,,,2026-07-29T09:31:48Z,error
,,,,,,2026-07-29T11:52:06Z,error
,,,,,,2026-07-29T15:01:47Z,error
,,,,,,2026-07-29T17:01:04Z,error
,,,,,,2026-07-29T20:05:50Z,error
,,,,,,2026-07-29T22:44:39Z,error
,,,,,,2026-07-30T03:48:49Z,error
,,,,,,2026-07-30T06:15:13Z,error
,,,,,,2026-07-30T09:22:39Z,error
,,,,,,2026-07-30T11:44:15Z,error
,,,,,,2026-07-30T14:58:45Z,error
,,,,,,2026-07-30T17:12:12Z,error
,,,,,,2026-07-30T20:09:20Z,error
,,,,,,2026-07-30T22:51:23Z,error
,,,,,,2026-07-31T04:15:53Z,error
,,,,,,2026-07-31T09:35:58Z,error
,,,,,,2026-07-31T11:51:03Z,error
,,,,,,2026-07-31T15:21:48Z,error
,,,,,,2026-07-31T17:31:09Z,error
,,,,,,2026-07-31T20:13:30Z,error
,,,,,,2026-07-31T22:46:07Z,error
,,,,,,2026-08-01T04:15:39Z,error
,,,,,,2026-08-01T08:58:57Z,error
,,,,,,2026-08-01T11:08:12Z,error
,,,,,,2026-08-01T14:18:45Z,error
,,,,,,2026-08-01T16:43:53Z,error
,,,,,,2026-08-01T20:02:22Z,error
,,,,,,2026-08-01T22:42:09Z,error
,,,,,,2026-08-02T04:18:41Z,error
,,,,,,2026-08-02T09:03:48Z,error
,,,,,,2026-08-02T11:09:29Z,error
,,,,,,2026-08-02T14:20:09Z,error
,,,,,,2026-08-02T16:41:57Z,error
,,,,,,2026-08-02T20:02:23Z,error
,,,,,,2026-08-02T22:42:38Z,error
,,,,,,2026-08-03T04:23:29Z,error
,,,,,,2026-08-03T10:30:38Z,error
,,,,,,2026-08-03T15:34:16Z,error
,,,,,,2026-08-03T17:31:48Z,error
,,,,,,2026-08-03T20:21:06Z,error
,,,,,,2026-08-03T22:45:49Z,error
,,,,,,2026-08-04T03:57:18Z,error
,,,,,,2026-08-04T09:32:22Z,error
,,,,,,2026-08-04T11:52:56Z,error
,,,,,,2026-08-04T15:13:20Z,error
,,,,,,2026-08-04T17:26:33Z,error
,,,,,,2026-08-04T20:15:47Z,error
,,,,,,2026-08-04T22:48:55Z,error
,,,,,,2026-08-05T03:52:26Z,error
,,,,,,2026-08-05T06:21:19Z,error
,,,,,,2026-08-05T09:29:27Z,error
,,,,,,2026-08-05T11:49:18Z,error
,,,,,,2026-08-05T15:04:57Z,error
,,,,,,2026-08-05T17:15:32Z,error
,,,,,,2026-08-05T20:28:41Z,error
,,,,,,2026-08-05T22:47:08Z,error
,,,,,,2026-08-06T03:56:52Z,error
,,,,,,2026-08-06T09:33:37Z,error
,,,,,,2026-08-06T11:54:11Z,error
,,,,,,2026-08-06T15:03:10Z,error
,,,,,,2026-08-07T00:36:07Z,error
,,,,,,2026-08-07T03:42:23Z,error
,,,,,,2026-08-07T05:27:11Z,error
,,,,,,2026-08-07T08:03:47Z,error
,,,,,,2026-08-07T10:40:11Z,error
,,,,,,2026-08-07T14:02:57Z,error
,,,,,,2026-08-07T16:38:33Z,error
,,,,,,2026-08-07T19:42:12Z,error
,,,,,,2026-08-07T22:22:23Z,error
,,,,,,2026-08-08T02:47:47Z,error
,,,,,,2026-08-08T04:44:16Z,error
,,,,,,2026-08-08T07:38:26Z,error
,,,,,,2026-08-08T10:17:26Z,error
,,,,,,2026-08-08T13:36:42Z,error
,,,,,,2026-08-08T16:16:00Z,error
,,,,,,2026-08-08T19:20:06Z,error
,,,,,,2026-08-08T22:13:30Z,error
,,,,,,2026-08-09T02:55:03Z,error
,,,,,,2026-08-09T04:53:11Z,error
,,,,,,2026-08-09T07:43:17Z,error
,,,,,,2026-08-09T10:19:16Z,error
,,,,,,2026-08-09T13:39:27Z,error
,,,,,,2026-08-09T16:17:28Z,error
,,,,,,2026-08-09T19:23:45Z,error
,,,,,,2026-08-09T22:15:35Z,error
,,,,,,2026-08-10T03:03:27Z,error
,,,,,,2026-08-10T05:13:16Z,error
,,,,,,2026-08-10T08:19:23Z,error
,,,,,,2026-08-10T10:52:59Z,error
,,,,,,2026-08-10T14:10:05Z,error
,,,,,,2026-08-10T16:39:24Z,error
,,,,,,2026-08-10T19:45:54Z,error
,,,,,,2026-08-10T22:23:27Z,error
,,,,,,2026-08-11T02:56:50Z,error
,,,,,,2026-08-11T04:56:34Z,error
,,,,,,2026-08-11T08:00:17Z,error
,,,,,,2026-08-11T10:39:07Z,error
,,,,,,2026-08-11T14:09:28Z,error
,,,,,,2026-08-11T16:43:06Z,error
,,,,,,2026-08-11T19:58:07Z,error
,,,,,,2026-08-11T22:37:34Z,error
,,,,,,2026-08-12T03:16:05Z,error
,,,,,,2026-08-12T05:21:40Z,error
,,,,,,2026-08-12T08:07:37Z,error
,,,,,,2026-08-12T10:47:02Z,error
,,,,,,2026-08-12T14:10:35Z,error
,,,,,,2026-08-12T16:42:41Z,error
,,,,,,2026-08-12T19:54:14Z,error
,,,,,,2026-08-12T22:27:24Z,error
,,,,,,2026-08-13T03:19:16Z,error
,,,,,,2026-08-13T05:25:45Z,error
,,,,,,2026-08-13T08:10:02Z,error
,,,,,,2026-08-13T10:47:55Z,error
,,,,,,2026-08-13T14:12:10Z,error
,,,,,,2026-08-13T16:41:25Z,error
,,,,,,2026-08-13T19:48:52Z,error
,,,,,,2026-08-13T22:27:57Z,error
,,,,,,2026-08-14T03:17:23Z,error
,,,,,,2026-08-14T05:22:11Z,error
,,,,,,2026-08-14T08:05:26Z,error
,,,,,,2026-08-14T10:45:04Z,error
,,,,,,2026-08-14T14:07:07Z,error
,,,,,,2026-08-14T16:37:37Z,error
,,,,,,2026-08-14T19:40:55Z,error
,,,,,,2026-08-14T22:17:38Z,error
,,,,,,2026-08-15T02:06:36Z,error
,,,,,,2026-08-15T04:17:16Z,error
,,,,,,2026-08-15T07:19:33Z,error
,,,,,,2026-08-15T10:04:07Z,error
,,,,,,2026-08-15T13:21:21Z,error
,,,,,,2026-08-15T16:02:23Z,error
,,,,,,2026-08-15T19:11:32Z,error
,,,,,,2026-08-15T22:02:19Z,error
,,,,,,2026-08-16T02:13:41Z,error
,,,,,,2026-08-16T04:23:32Z,error
,,,,,,2026-08-16T07:21:05Z,error
,,,,,,2026-08-16T10:06:29Z,error
,,,,,,2026-08-16T13:22:36Z,error
,,,,,,2026-08-16T16:02:45Z,error
,,,,,,2026-08-16T19:11:08Z,error
,,,,,,2026-08-16T22:01:39Z,error
,,,,,,2026-08-17T02:12:08Z,error
,,,,,,2026-08-17T04:28:57Z,error
,,,,,,2026-08-17T07:41:50Z,error
,,,,,,2026-08-17T10:18:34Z,error
,,,,,,2026-08-17T13:30:25Z,error
,,,,,,2026-08-17T16:11:02Z,error
,,,,,,2026-08-17T19:18:52Z,error
,,,,,,2026-08-17T22:07:24Z,error
,,,,,,2026-08-18T02:21:30Z,error
,,,,,,2026-08-18T04:23:15Z,error
,,,,,,2026-08-18T07:27:48Z,error
,,,,,,2026-08-18T10:14:27Z,error
,,,,,,2026-08-18T13:34:14Z,error
,,,,,,2026-08-18T16:23:39Z,error
,,,,,,2026-08-18T19:39:24Z,error
,,,,,,2026-08-18T22:02:57Z,error
,,,,,,2026-08-19T02:25:07Z,error
,,,,,,2026-08-19T04:24:36Z,error
,,,,,,2026-08-19T10:15:38Z,error
,,,,,,2026-08-19T13:35:11Z,error
,,,,,,2026-08-19T19:36:49Z,error
,,,,,,2026-08-19T22:10:33Z,error
,,,,,,2026-08-20T02:09:22Z,error
,,,,,,2026-08-20T04:23:46Z,error
,,,,,,2026-08-20T07:30:57Z,error
,,,,,,2026-08-20T10:15:52Z,error
,,,,,,2026-08-20T13:37:15Z,error
,,,,,,2026-08-20T16:17:56Z,error
,,,,,,2026-08-20T19:22:14Z,error
,,,,,,2026-08-20T22:11:57Z,error
,,,,,,2026-08-21T02:15:31Z,error
,,,,,,2026-08-21T04:26:02Z,error
,,,,,,2026-08-21T07:32:39Z,error
,,,,,,2026-08-21T10:16:25Z,error
,,,,,,2026-08-21T13:36:02Z,error
,,,,,,2026-08-21T16:16:39Z,error
,,,,,,2026-08-21T19:17:35Z,error
,,,,,,2026-08-21T22:05:09Z,error
,,,,,,2026-08-22T02:07:49Z,error
,,,,,,2026-08-22T04:19:22Z,error
,,,,,,2026-08-22T07:21:28Z,error
,,,,,,2026-08-22T10:05:04Z,error
,,,,,,2026-08-22T13:23:00Z,error
,,,,,,2026-08-22T16:02:23Z,error
,,,,,,2026-08-22T19:12:46Z,error
,,,,,,2026-08-22T22:02:42Z,error
,,,,,,2026-08-23T02:16:32Z,error
,,,,,,2026-08-23T04:25:11Z,error
,,,,,,2026-08-23T07:23:29Z,error
,,,,,,2026-08-23T10:06:43Z,error
,,,,,,2026-08-23T13:23:50Z,error
,,,,,,2026-08-23T16:03:34Z,error
,,,,,,2026-08-23T19:17:51Z,error
,,,,,,2026-08-23T22:02:44Z,error
,,,,,,2026-08-24T02:14:58Z,error
,,,,,,2026-08-24T04:32:51Z,error
,,,,,,2026-08-24T07:47:16Z,error
,,,,,,2026-08-24T10:25:05Z,error
,,,,,,2026-08-24T13:40:28Z,error
,,,,,,2026-08-24T16:19:43Z,error
,,,,,,2026-08-24T19:20:14Z,error
,,,,,,2026-08-24T22:11:19Z,error
,,,,,,2026-08-25T02:11:02Z,error
,,,,,,2026-08-25T04:26:42Z,error
,,,,,,2026-08-25T07:34:00Z,error
,,,,,,2026-08-25T10:17:25Z,error
,,,,,,2026-08-25T13:38:56Z,error
,,,,,,2026-08-25T16:21:50Z,error
,,,,,,2026-08-25T19:20:33Z,error
,,,,,,2026-08-25T22:10:46Z,error
,,,,,,2026-08-26T02:16:56Z,error
,,,,,,2026-08-26T04:28:31Z,error
,,,,,,2026-08-26T07:35:24Z,error
,,,,,,2026-08-26T10:21:28Z,error
,,,,,,2026-08-26T13:44:14Z,error
,,,,,,2026-08-26T16:40:23Z,error
,,,,,,2026-08-26T21:19:19Z,error
,,,,,,2026-08-27T02:17:09Z,error
,,,,,,2026-08-27T14:50:11Z,error
,,,,,,2026-08-28T00:39:56Z,error
,,,,,,2026-08-28T12:18:31Z,error
,,,,,,2026-08-28T22:46:18Z,error
,,,,,,2026-08-29T07:29:50Z,error
,,,,,,2026-08-29T14:44:30Z,error
,,,,,,2026-08-29T18:57:35Z,error
,,,,,,2026-08-29T23:40:27Z,error
,,,,,,2026-08-30T05:57:39Z,error
,,,,,,2026-08-30T12:20:24Z,error
,,,,,,2026-08-30T17:01:25Z,error
,,,,,,2026-08-30T21:40:45Z,error
,,,,,,2026-08-30T23:58:13Z,error
,,,,,,2026-08-31T06:19:15Z,error
,,,,,,2026-08-31T14:30:47Z,error
,,,,,,2026-08-31T21:09:20Z,error
,,,,,,2026-09-01T00:50:47Z,error
,,,,,,2026-09-01T05:47:55Z,error
,,,,,,2026-09-01T12:09:27Z,error
,,,,,,2026-09-01T17:00:50Z,error
,,,,,,2026-09-01T21:27:51Z,error
,,,,,,2026-09-01T23:37:01Z,error
,,,,,,2026-09-02T05:10:56Z,error
,,,,,,2026-09-02T11:50:28Z,error
,,,,,,2026-09-02T16:55:12Z,error
,,,,,,2026-09-02T21:23:33Z,error
,,,,,,2026-09-02T23:38:02Z,error
,,,,,,2026-09-03T05:14:12Z,error
,,,,,,2026-09-03T11:47:24Z,error
,,,,,,2026-09-03T16:44:24Z,error
,,,,,,2026-09-03T21:26:21Z,error
,,,,,,2026-09-03T23:37:18Z,error
,,,,,,2026-09-04T05:11:31Z,error
,,,,,,2026-09-04T11:48:21Z,error
,,,,,,2026-09-04T16:38:49Z,error
,,,,,,2026-09-04T21:06:24Z,error
,,,,,,2026-09-04T23:26:40Z,error
,,,,,,2026-09-05T05:00:59Z,error
,,,,,,2026-09-05T10:58:37Z,error
,,,,,,2026-09-05T15:39:45Z,error
,,,,,,2026-09-05T17:45:47Z,error
,,,,,,2026-09-05T20:46:25Z,error
,,,,,,2026-09-05T23:25:47Z,error
,,,,,,2026-09-06T05:11:27Z,error
,,,,,,2026-09-06T11:24:44Z,error
,,,,,,2026-09-06T15:51:40Z,error
,,,,,,2026-09-06T17:53:54Z,error
,,,,,,2026-09-06T20:54:12Z,error
,,,,,,2026-09-06T23:17:50Z,error
